text_file,original,status,replacement,matched_file,download_url,note
2010-2014.html,uploads/1/2/2/8/122804110/editor/2-12-orig.png?1722775454,repaired,uploads/1/2/2/8/122804110/2-12-orig_orig.png,uploads/1/2/2/8/122804110/2-12-orig_orig.png,,unique-normalized-name
2010-2014.html,uploads/1/2/2/8/122804110/editor/2-13-orig.png?1722775956,repaired,uploads/1/2/2/8/122804110/2-13-orig_orig.png,uploads/1/2/2/8/122804110/2-13-orig_orig.png,,unique-normalized-name
2010-2014.html,uploads/1/2/2/8/122804110/published/images-medium-jp-2013-12744p-0010.gif?1722776136,repaired,uploads/1/2/2/8/122804110/images-medium-jp-2013-12744p-0010_orig.gif,uploads/1/2/2/8/122804110/images-medium-jp-2013-12744p-0010_orig.gif,,unique-normalized-name
2010-2014.html,uploads/1/2/2/8/122804110/published/2-15-orig.png?1722776410,repaired,uploads/1/2/2/8/122804110/2-15-orig_orig.png,uploads/1/2/2/8/122804110/2-15-orig_orig.png,,unique-normalized-name
2010-2014.html,uploads/1/2/2/8/122804110/2-16-orig_orig.png,already-valid,uploads/1/2/2/8/122804110/2-16-orig_orig.png,uploads/1/2/2/8/122804110/2-16-orig_orig.png,,existing-relative-path
2010-2014.html,uploads/1/2/2/8/122804110/published/2-17-orig.png?1722776775,repaired,uploads/1/2/2/8/122804110/2-17-orig_orig.png,uploads/1/2/2/8/122804110/2-17-orig_orig.png,,unique-normalized-name
2010-2014.html,uploads/1/2/2/8/122804110/16-orig_orig.gif,already-valid,uploads/1/2/2/8/122804110/16-orig_orig.gif,uploads/1/2/2/8/122804110/16-orig_orig.gif,,existing-relative-path
2010-2014.html,uploads/1/2/2/8/122804110/published/2-19-orig.png?1722777261,repaired,uploads/1/2/2/8/122804110/2-19-orig_orig.png,uploads/1/2/2/8/122804110/2-19-orig_orig.png,,unique-normalized-name
2010-2014.html,uploads/1/2/2/8/122804110/published/2-20-1-orig.png?1722777570,repaired,uploads/1/2/2/8/122804110/2-20-1-orig_orig.png,uploads/1/2/2/8/122804110/2-20-1-orig_orig.png,,unique-normalized-name
2010-2014.html,uploads/1/2/2/8/122804110/published/2-21-1-orig.png?1722777611,repaired,uploads/1/2/2/8/122804110/2-21-1-orig_orig.png,uploads/1/2/2/8/122804110/2-21-1-orig_orig.png,,unique-normalized-name
2015-2019.html,uploads/1/2/2/8/122804110/published/2019-co.jpg?1722932517,repaired,uploads/1/2/2/8/122804110/2019-co_orig.jpg,uploads/1/2/2/8/122804110/2019-co_orig.jpg,,unique-normalized-name
2015-2019.html,uploads/1/2/2/8/122804110/published/12.png?1722932655,repaired,uploads/1/2/2/8/122804110/published/12.png,uploads/1/2/2/8/122804110/published/12.png,https://jsylab1218.weebly.com/uploads/1/2/2/8/122804110/published/12.png?1722932655,downloaded:93951bytes
2015-2019.html,uploads/1/2/2/8/122804110/2-1-orig_orig.png,already-valid,uploads/1/2/2/8/122804110/2-1-orig_orig.png,uploads/1/2/2/8/122804110/2-1-orig_orig.png,,existing-relative-path
2015-2019.html,uploads/1/2/2/8/122804110/published/2-2-orig.png?1722932948,repaired,uploads/1/2/2/8/122804110/2-2-orig_orig.png,uploads/1/2/2/8/122804110/2-2-orig_orig.png,,unique-normalized-name
2015-2019.html,uploads/1/2/2/8/122804110/published/2-3-orig.png?1722933180,repaired,uploads/1/2/2/8/122804110/2-3-orig_orig.png,uploads/1/2/2/8/122804110/2-3-orig_orig.png,,unique-normalized-name
2015-2019.html,uploads/1/2/2/8/122804110/published/2-4-1-orig.png?1722933313,repaired,uploads/1/2/2/8/122804110/2-4-1-orig_orig.png,uploads/1/2/2/8/122804110/2-4-1-orig_orig.png,,unique-normalized-name
2015-2019.html,uploads/1/2/2/8/122804110/published/2-5-orig.png?1722933445,repaired,uploads/1/2/2/8/122804110/2-5-orig_orig.png,uploads/1/2/2/8/122804110/2-5-orig_orig.png,,unique-normalized-name
2015-2019.html,uploads/1/2/2/8/122804110/published/2-6-orig.png?1722933605,repaired,uploads/1/2/2/8/122804110/2-6-orig_orig.png,uploads/1/2/2/8/122804110/2-6-orig_orig.png,,unique-normalized-name
2015-2019.html,uploads/1/2/2/8/122804110/published/2-7-orig.png?1722933763,repaired,uploads/1/2/2/8/122804110/2-7-orig_orig.png,uploads/1/2/2/8/122804110/2-7-orig_orig.png,,unique-normalized-name
2015-2019.html,uploads/1/2/2/8/122804110/published/2-8-orig.png?1722933982,repaired,uploads/1/2/2/8/122804110/2-8-orig_orig.png,uploads/1/2/2/8/122804110/2-8-orig_orig.png,,unique-normalized-name
2015-2019.html,uploads/1/2/2/8/122804110/published/2-9-orig.png?1722934113,repaired,uploads/1/2/2/8/122804110/2-9-orig_orig.png,uploads/1/2/2/8/122804110/2-9-orig_orig.png,,unique-normalized-name
2015-2019.html,uploads/1/2/2/8/122804110/published/2-10-orig.png?1722935260,repaired,uploads/1/2/2/8/122804110/2-10-orig_orig.png,uploads/1/2/2/8/122804110/2-10-orig_orig.png,,unique-normalized-name
2015-2019.html,uploads/1/2/2/8/122804110/published/2-11-orig.png?1723011413,repaired,uploads/1/2/2/8/122804110/2-11-orig_orig.png,uploads/1/2/2/8/122804110/2-11-orig_orig.png,,unique-normalized-name
2020-2024.html,uploads/1/2/2/8/122804110/1-1-5x-orig_orig.png,already-valid,uploads/1/2/2/8/122804110/1-1-5x-orig_orig.png,uploads/1/2/2/8/122804110/1-1-5x-orig_orig.png,,existing-relative-path
2020-2024.html,uploads/1/2/2/8/122804110/editor/555555-orig.png?1723011726,repaired,uploads/1/2/2/8/122804110/555555-orig_orig.png,uploads/1/2/2/8/122804110/555555-orig_orig.png,,unique-normalized-name
2020-2024.html,uploads/1/2/2/8/122804110/editor/2-2x.png?1723011799,repaired,uploads/1/2/2/8/122804110/editor/2-2x.png,uploads/1/2/2/8/122804110/editor/2-2x.png,https://jsylab1218.weebly.com/uploads/1/2/2/8/122804110/editor/2-2x.png?1723011799,downloaded:65519bytes
2020-2024.html,uploads/1/2/2/8/122804110/editor/ining-orig.png?1723011910,repaired,uploads/1/2/2/8/122804110/editor/ining-orig.png,uploads/1/2/2/8/122804110/editor/ining-orig.png,https://jsylab1218.weebly.com/uploads/1/2/2/8/122804110/editor/ining-orig.png?1723011910,downloaded:53891bytes
2020-2024.html,uploads/1/2/2/8/122804110/published/jccs202300078-toc-0001-m-orig.jpg?1722779591,repaired,uploads/1/2/2/8/122804110/jccs202300078-toc-0001-m-orig_orig.jpg,uploads/1/2/2/8/122804110/jccs202300078-toc-0001-m-orig_orig.jpg,,unique-normalized-name
2020-2024.html,uploads/1/2/2/8/122804110/images-large-ja2c13210-0005_orig.jpeg,already-valid,uploads/1/2/2/8/122804110/images-large-ja2c13210-0005_orig.jpeg,uploads/1/2/2/8/122804110/images-large-ja2c13210-0005_orig.jpeg,,existing-relative-path
2020-2024.html,uploads/1/2/2/8/122804110/published/chemphotochem-2022-early-view.jpg?1722779937,repaired,uploads/1/2/2/8/122804110/chemphotochem-2022-early-view_orig.jpg,uploads/1/2/2/8/122804110/chemphotochem-2022-early-view_orig.jpg,,unique-normalized-name
2020-2024.html,uploads/1/2/2/8/122804110/picture1-orig_orig.png,already-valid,uploads/1/2/2/8/122804110/picture1-orig_orig.png,uploads/1/2/2/8/122804110/picture1-orig_orig.png,,existing-relative-path
2020-2024.html,uploads/1/2/2/8/122804110/images-large-ic2c01786-0012_orig.jpeg,already-valid,uploads/1/2/2/8/122804110/images-large-ic2c01786-0012_orig.jpeg,uploads/1/2/2/8/122804110/images-large-ic2c01786-0012_orig.jpeg,,existing-relative-path
2020-2024.html,uploads/1/2/2/8/122804110/toc-dmaz_orig.png,already-valid,uploads/1/2/2/8/122804110/toc-dmaz_orig.png,uploads/1/2/2/8/122804110/toc-dmaz_orig.png,,existing-relative-path
2020-2024.html,uploads/1/2/2/8/122804110/toc_orig.png,already-valid,uploads/1/2/2/8/122804110/toc_orig.png,uploads/1/2/2/8/122804110/toc_orig.png,,existing-relative-path
2020-2024.html,uploads/1/2/2/8/122804110/1620197345_orig.png,already-valid,uploads/1/2/2/8/122804110/1620197345_orig.png,uploads/1/2/2/8/122804110/1620197345_orig.png,,existing-relative-path
2020-2024.html,uploads/1/2/2/8/122804110/mz1c00487-0004-orig_orig.gif,already-valid,uploads/1/2/2/8/122804110/mz1c00487-0004-orig_orig.gif,uploads/1/2/2/8/122804110/mz1c00487-0004-orig_orig.gif,,existing-relative-path
2020-2024.html,uploads/1/2/2/8/122804110/published/a.jpg?1722930873,repaired,uploads/1/2/2/8/122804110/a_orig.jpg,uploads/1/2/2/8/122804110/a_orig.jpg,,unique-normalized-name
2020-2024.html,uploads/1/2/2/8/122804110/120735368-3817949624900294-125598962988321140-n_orig.png,already-valid,uploads/1/2/2/8/122804110/120735368-3817949624900294-125598962988321140-n_orig.png,uploads/1/2/2/8/122804110/120735368-3817949624900294-125598962988321140-n_orig.png,,existing-relative-path
2020-2024.html,uploads/1/2/2/8/122804110/ol-cover-picture_orig.png,already-valid,uploads/1/2/2/8/122804110/ol-cover-picture_orig.png,uploads/1/2/2/8/122804110/ol-cover-picture_orig.png,,existing-relative-path
2020-2024.html,uploads/1/2/2/8/122804110/2020-co_orig.jpg,already-valid,uploads/1/2/2/8/122804110/2020-co_orig.jpg,uploads/1/2/2/8/122804110/2020-co_orig.jpg,,existing-relative-path
2020-2024.html,uploads/1/2/2/8/122804110/ic0c01390-0011-orig_orig.gif,already-valid,uploads/1/2/2/8/122804110/ic0c01390-0011-orig_orig.gif,uploads/1/2/2/8/122804110/ic0c01390-0011-orig_orig.gif,,existing-relative-path
2020-2024.html,uploads/1/2/2/8/122804110/cats77777_orig.jpg,already-valid,uploads/1/2/2/8/122804110/cats77777_orig.jpg,uploads/1/2/2/8/122804110/cats77777_orig.jpg,,existing-relative-path
2020-2024.html,uploads/1/2/2/8/122804110/cats-horz_orig.jpg,already-valid,uploads/1/2/2/8/122804110/cats-horz_orig.jpg,uploads/1/2/2/8/122804110/cats-horz_orig.jpg,,existing-relative-path
2020-2024.html,uploads/1/2/2/8/122804110/published/cover-2.png?1722932023,repaired,uploads/1/2/2/8/122804110/cover-2_orig.png,uploads/1/2/2/8/122804110/cover-2_orig.png,,unique-normalized-name
2020-2024.html,uploads/1/2/2/8/122804110/cats-orig12_orig.jpg,already-valid,uploads/1/2/2/8/122804110/cats-orig12_orig.jpg,uploads/1/2/2/8/122804110/cats-orig12_orig.jpg,,existing-relative-path
2020-2024.html,uploads/1/2/2/8/122804110/published/chem202001530-toc-0001-m.jpeg?1722932246,repaired,uploads/1/2/2/8/122804110/chem202001530-toc-0001-m_orig.jpeg,uploads/1/2/2/8/122804110/chem202001530-toc-0001-m_orig.jpeg,,unique-normalized-name
chinese-articles.html,/uploads/1/2/2/8/122804110/background-images/1653109337.jpg,repaired,uploads/1/2/2/8/122804110/background-images/1653109337.jpg,uploads/1/2/2/8/122804110/background-images/1653109337.jpg,,existing-relative-path
files/main_style.css,theme/fonts/9fd4ea0c-b19a-4b21-9fdf-37045707dd78.svg,repaired,theme/files/fonts/9fd4ea0c-b19a-4b21-9fdf-37045707dd78.svg,files/theme/files/fonts/9fd4ea0c-b19a-4b21-9fdf-37045707dd78.svg,,unique-path-suffix-2
files/main_style.css,theme/fonts/3966f856-9dcf-48e7-88e7-7400f1b7d619.svg,repaired,theme/files/fonts/3966f856-9dcf-48e7-88e7-7400f1b7d619.svg,files/theme/files/fonts/3966f856-9dcf-48e7-88e7-7400f1b7d619.svg,,unique-path-suffix-2
files/main_style.css,theme/fonts/52a192b1-bea5-4b48-879f-107f009b666f.svg,repaired,theme/files/fonts/52a192b1-bea5-4b48-879f-107f009b666f.svg,files/theme/files/fonts/52a192b1-bea5-4b48-879f-107f009b666f.svg,,unique-path-suffix-2
files/main_style.css,theme/fonts/1de7e6f4-9d4d-47e7-ab23-7d5cf10ab585.svg,repaired,theme/files/fonts/1de7e6f4-9d4d-47e7-ab23-7d5cf10ab585.svg,files/theme/files/fonts/1de7e6f4-9d4d-47e7-ab23-7d5cf10ab585.svg,,unique-path-suffix-2
files/main_style.css,theme/fonts/a89d6ad1-a04f-4a8f-b140-e55478dbea80.svg,repaired,theme/files/fonts/a89d6ad1-a04f-4a8f-b140-e55478dbea80.svg,files/theme/files/fonts/a89d6ad1-a04f-4a8f-b140-e55478dbea80.svg,,unique-path-suffix-2
files/main_style.css,theme/fonts/ed4d3c45-af64-4992-974b-c37cd12a9570.svg,repaired,theme/files/fonts/ed4d3c45-af64-4992-974b-c37cd12a9570.svg,files/theme/files/fonts/ed4d3c45-af64-4992-974b-c37cd12a9570.svg,,unique-path-suffix-2
files/main_style.css,url(theme/images/default-bg.jpg?1784732969,repaired,theme/files/images/default-bg.jpg,files/theme/files/images/default-bg.jpg,,unique-path-suffix-2
files/main_style.css,url(theme/images/select-dropdown.svg?1784732969,repaired,theme/files/images/select-dropdown.svg,files/theme/files/images/select-dropdown.svg,,unique-path-suffix-2
files/main_style.css,span.ico,unresolved,,,https://jsylab1218.weebly.com/span.ico,HTTPError: HTTP Error 404: Not Found
files/theme/files/custom.js,span.ico,unresolved,,,https://jsylab1218.weebly.com/span.ico,HTTPError: HTTP Error 404: Not Found
files/theme/files/fonts/custom.js,span.ico,unresolved,,,https://jsylab1218.weebly.com/span.ico,HTTPError: HTTP Error 404: Not Found
gfpc-analogs.html,uploads/1/2/2/8/122804110/gfp-3-orig_orig.png,already-valid,uploads/1/2/2/8/122804110/gfp-3-orig_orig.png,uploads/1/2/2/8/122804110/gfp-3-orig_orig.png,,existing-relative-path
index.html,/uploads/1/2/2/8/122804110/background-images/1994631251.jpg,repaired,uploads/1/2/2/8/122804110/background-images/1994631251.jpg,uploads/1/2/2/8/122804110/background-images/1994631251.jpg,,existing-relative-path
index.html,uploads/1/2/2/8/122804110/published/ange70631-gra-0001-m.jpg?1766810825,repaired,uploads/1/2/2/8/122804110/ange70631-gra-0001-m.jpg,uploads/1/2/2/8/122804110/ange70631-gra-0001-m.jpg,,unique-basename
index.html,1/2/2/8/122804110/line-album-2025-250729-41.jpg,repaired,uploads/1/2/2/8/122804110/line-album-2025-250729-41.jpg,uploads/1/2/2/8/122804110/line-album-2025-250729-41.jpg,,existing-relative-path
index.html,1/2/2/8/122804110/line-album-2025-250729-40.jpg,repaired,uploads/1/2/2/8/122804110/line-album-2025-250729-40.jpg,uploads/1/2/2/8/122804110/line-album-2025-250729-40.jpg,,existing-relative-path
index.html,1/2/2/8/122804110/line-album-2025-250729-53.jpg,repaired,uploads/1/2/2/8/122804110/line-album-2025-250729-53.jpg,uploads/1/2/2/8/122804110/line-album-2025-250729-53.jpg,,existing-relative-path
index.html,1/2/2/8/122804110/line-album-2025-250729-60.jpg,repaired,uploads/1/2/2/8/122804110/line-album-2025-250729-60.jpg,uploads/1/2/2/8/122804110/line-album-2025-250729-60.jpg,,existing-relative-path
index.html,1/2/2/8/122804110/line-album-2025-250729-49.jpg,repaired,uploads/1/2/2/8/122804110/line-album-2025-250729-49.jpg,uploads/1/2/2/8/122804110/line-album-2025-250729-49.jpg,,existing-relative-path
index.html,1/2/2/8/122804110/line-album-2025-250729-73.jpg,repaired,uploads/1/2/2/8/122804110/line-album-2025-250729-73.jpg,uploads/1/2/2/8/122804110/line-album-2025-250729-73.jpg,,existing-relative-path
index.html,1/2/2/8/122804110/line-album-2025-250729-70.jpg,repaired,uploads/1/2/2/8/122804110/line-album-2025-250729-70.jpg,uploads/1/2/2/8/122804110/line-album-2025-250729-70.jpg,,existing-relative-path
index.html,1/2/2/8/122804110/line-album-2025-250729-7.jpg,repaired,uploads/1/2/2/8/122804110/line-album-2025-250729-7.jpg,uploads/1/2/2/8/122804110/line-album-2025-250729-7.jpg,,existing-relative-path
index.html,1/2/2/8/122804110/line-album-2025-250729-11.jpg,repaired,uploads/1/2/2/8/122804110/line-album-2025-250729-11.jpg,uploads/1/2/2/8/122804110/line-album-2025-250729-11.jpg,,existing-relative-path
index.html,1/2/2/8/122804110/line-album-2025-250729-20.jpg,repaired,uploads/1/2/2/8/122804110/line-album-2025-250729-20.jpg,uploads/1/2/2/8/122804110/line-album-2025-250729-20.jpg,,existing-relative-path
index.html,1/2/2/8/122804110/line-album-2025-250729-26.jpg,repaired,uploads/1/2/2/8/122804110/line-album-2025-250729-26.jpg,uploads/1/2/2/8/122804110/line-album-2025-250729-26.jpg,,existing-relative-path
index.html,1/2/2/8/122804110/line-album-2025-250729-46.jpg,repaired,uploads/1/2/2/8/122804110/line-album-2025-250729-46.jpg,uploads/1/2/2/8/122804110/line-album-2025-250729-46.jpg,,existing-relative-path
index.html,1/2/2/8/122804110/line-album-2025-250729-47.jpg,repaired,uploads/1/2/2/8/122804110/line-album-2025-250729-47.jpg,uploads/1/2/2/8/122804110/line-album-2025-250729-47.jpg,,existing-relative-path
index.html,1/2/2/8/122804110/line-album-2025-250729-82.jpg,repaired,uploads/1/2/2/8/122804110/line-album-2025-250729-82.jpg,uploads/1/2/2/8/122804110/line-album-2025-250729-82.jpg,,existing-relative-path
index.html,1/2/2/8/122804110/line-album-2025-250729-84.jpg,repaired,uploads/1/2/2/8/122804110/line-album-2025-250729-84.jpg,uploads/1/2/2/8/122804110/line-album-2025-250729-84.jpg,,existing-relative-path
index.html,/uploads/1/2/2/8/122804110/background-images/1183094302.png,repaired,uploads/1/2/2/8/122804110/background-images/1183094302.png,uploads/1/2/2/8/122804110/background-images/1183094302.png,,existing-relative-path
index.html,uploads/1/2/2/8/122804110/published/maps-and-flags-1.png?1722783420,repaired,uploads/1/2/2/8/122804110/maps-and-flags-1_orig.png,uploads/1/2/2/8/122804110/maps-and-flags-1_orig.png,,unique-normalized-name
index.html,uploads/1/2/2/8/122804110/published/phone-1.png?1722783440,repaired,uploads/1/2/2/8/122804110/phone-1_orig.png,uploads/1/2/2/8/122804110/phone-1_orig.png,,unique-normalized-name
index.html,uploads/1/2/2/8/122804110/published/mail-1.png?1722783494,repaired,uploads/1/2/2/8/122804110/mail-1_orig.png,uploads/1/2/2/8/122804110/mail-1_orig.png,,unique-normalized-name
members.html,/uploads/1/2/2/8/122804110/background-images/996334386.jpg,repaired,uploads/1/2/2/8/122804110/background-images/996334386.jpg,uploads/1/2/2/8/122804110/background-images/996334386.jpg,,existing-relative-path
members.html,uploads/1/2/2/8/122804110/editor/deepak-pic.jpeg?1772434301,repaired,uploads/1/2/2/8/122804110/deepak-pic_orig.jpeg,uploads/1/2/2/8/122804110/deepak-pic_orig.jpeg,,unique-normalized-name
members.html,uploads/1/2/2/8/122804110/editor/img-1306.jpg?1722748544,repaired,uploads/1/2/2/8/122804110/editor/img-1306.jpg,uploads/1/2/2/8/122804110/editor/img-1306.jpg,https://jsylab1218.weebly.com/uploads/1/2/2/8/122804110/editor/img-1306.jpg?1722748544,downloaded:9660bytes
members.html,uploads/1/2/2/8/122804110/editor/line-album-250717-2.jpg?1752727889,repaired,uploads/1/2/2/8/122804110/editor/line-album-250717-2.jpg,uploads/1/2/2/8/122804110/editor/line-album-250717-2.jpg,https://jsylab1218.weebly.com/uploads/1/2/2/8/122804110/editor/line-album-250717-2.jpg?1752727889,downloaded:24803bytes
members.html,uploads/1/2/2/8/122804110/published/505068951.jpg?1761988218,repaired,uploads/1/2/2/8/122804110/505068951_orig.jpg,uploads/1/2/2/8/122804110/505068951_orig.jpg,,unique-normalized-name
members.html,uploads/1/2/2/8/122804110/editor/987126582.png?1722748596,repaired,uploads/1/2/2/8/122804110/987126582_orig.png,uploads/1/2/2/8/122804110/987126582_orig.png,,unique-normalized-name
members.html,uploads/1/2/2/8/122804110/published/bory.png?1722748683,repaired,uploads/1/2/2/8/122804110/bory_orig.png,uploads/1/2/2/8/122804110/bory_orig.png,,unique-normalized-name
members.html,uploads/1/2/2/8/122804110/published/img-3287.jpg?1722748722,repaired,uploads/1/2/2/8/122804110/img-3287_orig.jpg,uploads/1/2/2/8/122804110/img-3287_orig.jpg,,unique-normalized-name
members.html,uploads/1/2/2/8/122804110/editor/246900350.jpg?1752729663,repaired,uploads/1/2/2/8/122804110/246900350_orig.jpg,uploads/1/2/2/8/122804110/246900350_orig.jpg,,unique-normalized-name
members.html,uploads/1/2/2/8/122804110/published/img-2726.jpg?1724232737,repaired,uploads/1/2/2/8/122804110/img-2726_orig.jpg,uploads/1/2/2/8/122804110/img-2726_orig.jpg,,unique-normalized-name
members.html,uploads/1/2/2/8/122804110/published/img-2168.jpg?1722748696,repaired,uploads/1/2/2/8/122804110/img-2168_orig.jpg,uploads/1/2/2/8/122804110/img-2168_orig.jpg,,unique-normalized-name
members.html,uploads/1/2/2/8/122804110/published/jieru.jpg?1722748741,repaired,uploads/1/2/2/8/122804110/jieru_orig.jpg,uploads/1/2/2/8/122804110/jieru_orig.jpg,,unique-normalized-name
members.html,uploads/1/2/2/8/122804110/editor/345553607.jpg?1752684855,repaired,uploads/1/2/2/8/122804110/345553607_orig.jpg,uploads/1/2/2/8/122804110/345553607_orig.jpg,,unique-normalized-name
members.html,uploads/1/2/2/8/122804110/editor/1642205686.jpg?1752684799,repaired,uploads/1/2/2/8/122804110/1642205686_orig.jpg,uploads/1/2/2/8/122804110/1642205686_orig.jpg,,unique-normalized-name
members.html,uploads/1/2/2/8/122804110/editor/1130317697.jpg?1752685350,repaired,uploads/1/2/2/8/122804110/1130317697_orig.jpg,uploads/1/2/2/8/122804110/1130317697_orig.jpg,,unique-normalized-name
members.html,uploads/1/2/2/8/122804110/editor/304586630.jpg?1752683878,repaired,uploads/1/2/2/8/122804110/304586630_orig.jpg,uploads/1/2/2/8/122804110/304586630_orig.jpg,,unique-normalized-name
members.html,uploads/1/2/2/8/122804110/editor/2.jpg?1752685568,repaired,uploads/1/2/2/8/122804110/2_orig.jpg,uploads/1/2/2/8/122804110/2_orig.jpg,,unique-normalized-name
members.html,uploads/1/2/2/8/122804110/published/line-album-250717-1.jpg?1752727486,repaired,uploads/1/2/2/8/122804110/line-album-250717-1_orig.jpg,uploads/1/2/2/8/122804110/line-album-250717-1_orig.jpg,,unique-normalized-name
members.html,uploads/1/2/2/8/122804110/published/581719639.jpg?1784532144,repaired,uploads/1/2/2/8/122804110/581719639_orig.jpg,uploads/1/2/2/8/122804110/581719639_orig.jpg,,unique-normalized-name
members.html,uploads/1/2/2/8/122804110/editor/73276.jpg?1784531974,repaired,uploads/1/2/2/8/122804110/73276_orig.jpg,uploads/1/2/2/8/122804110/73276_orig.jpg,,unique-normalized-name
members.html,uploads/1/2/2/8/122804110/published/60477032.jpg?1784531966,repaired,uploads/1/2/2/8/122804110/60477032_orig.jpg,uploads/1/2/2/8/122804110/60477032_orig.jpg,,unique-normalized-name
members.html,uploads/1/2/2/8/122804110/published/651799519.jpg?1784531935,repaired,uploads/1/2/2/8/122804110/651799519_orig.jpg,uploads/1/2/2/8/122804110/651799519_orig.jpg,,unique-normalized-name
molecular-machine.html,uploads/1/2/2/8/122804110/indanone-system-3-2-orig_1.gif,already-valid,uploads/1/2/2/8/122804110/indanone-system-3-2-orig_1.gif,uploads/1/2/2/8/122804110/indanone-system-3-2-orig_1.gif,,existing-relative-path
molecular-machine.html,uploads/1/2/2/8/122804110/2-16_orig.png,already-valid,uploads/1/2/2/8/122804110/2-16_orig.png,uploads/1/2/2/8/122804110/2-16_orig.png,,existing-relative-path
multi-responsive-luminescent-material.html,uploads/1/2/2/8/122804110/mechano-3-orig_orig.png,already-valid,uploads/1/2/2/8/122804110/mechano-3-orig_orig.png,uploads/1/2/2/8/122804110/mechano-3-orig_orig.png,,existing-relative-path
patent.html,/uploads/1/2/2/8/122804110/background-images/328977937.jpg,repaired,uploads/1/2/2/8/122804110/background-images/328977937.jpg,uploads/1/2/2/8/122804110/background-images/328977937.jpg,,existing-relative-path
photograph.html,/uploads/1/2/2/8/122804110/background-images/996334386.jpg,repaired,uploads/1/2/2/8/122804110/background-images/996334386.jpg,uploads/1/2/2/8/122804110/background-images/996334386.jpg,,existing-relative-path
photograph.html,1/2/2/8/122804110/line-album-2024-240807-1.jpg,repaired,uploads/1/2/2/8/122804110/line-album-2024-240807-1.jpg,uploads/1/2/2/8/122804110/line-album-2024-240807-1.jpg,,existing-relative-path
photograph.html,1/2/2/8/122804110/line-album-2024-240807-2.jpg,repaired,uploads/1/2/2/8/122804110/line-album-2024-240807-2.jpg,uploads/1/2/2/8/122804110/line-album-2024-240807-2.jpg,,existing-relative-path
photograph.html,1/2/2/8/122804110/line-album-2024-240807-14.jpg,repaired,uploads/1/2/2/8/122804110/line-album-2024-240807-14.jpg,uploads/1/2/2/8/122804110/line-album-2024-240807-14.jpg,,existing-relative-path
photograph.html,1/2/2/8/122804110/line-album-2024-240807-13.jpg,repaired,uploads/1/2/2/8/122804110/line-album-2024-240807-13.jpg,uploads/1/2/2/8/122804110/line-album-2024-240807-13.jpg,,existing-relative-path
photograph.html,1/2/2/8/122804110/line-album-2024-240807-19.jpg,repaired,uploads/1/2/2/8/122804110/line-album-2024-240807-19.jpg,uploads/1/2/2/8/122804110/line-album-2024-240807-19.jpg,,existing-relative-path
photograph.html,1/2/2/8/122804110/line-album-2024-240807-3.jpg,repaired,uploads/1/2/2/8/122804110/line-album-2024-240807-3.jpg,uploads/1/2/2/8/122804110/line-album-2024-240807-3.jpg,,existing-relative-path
photograph.html,1/2/2/8/122804110/line-album-2024-240807-18.jpg,repaired,uploads/1/2/2/8/122804110/line-album-2024-240807-18.jpg,uploads/1/2/2/8/122804110/line-album-2024-240807-18.jpg,,existing-relative-path
photograph.html,1/2/2/8/122804110/line-album-2024-240807-11.jpg,repaired,uploads/1/2/2/8/122804110/line-album-2024-240807-11.jpg,uploads/1/2/2/8/122804110/line-album-2024-240807-11.jpg,,existing-relative-path
photograph.html,1/2/2/8/122804110/line-album-2024-240807-12.jpg,repaired,uploads/1/2/2/8/122804110/line-album-2024-240807-12.jpg,uploads/1/2/2/8/122804110/line-album-2024-240807-12.jpg,,existing-relative-path
photograph.html,1/2/2/8/122804110/line-album-2024-240807-17.jpg,repaired,uploads/1/2/2/8/122804110/line-album-2024-240807-17.jpg,uploads/1/2/2/8/122804110/line-album-2024-240807-17.jpg,,existing-relative-path
photograph.html,1/2/2/8/122804110/line-album-2024-240807-10.jpg,repaired,uploads/1/2/2/8/122804110/line-album-2024-240807-10.jpg,uploads/1/2/2/8/122804110/line-album-2024-240807-10.jpg,,existing-relative-path
photograph.html,1/2/2/8/122804110/line-album-2024-240807-9.jpg,repaired,uploads/1/2/2/8/122804110/line-album-2024-240807-9.jpg,uploads/1/2/2/8/122804110/line-album-2024-240807-9.jpg,,existing-relative-path
photograph.html,1/2/2/8/122804110/line-album-2024-240807-15.jpg,repaired,uploads/1/2/2/8/122804110/line-album-2024-240807-15.jpg,uploads/1/2/2/8/122804110/line-album-2024-240807-15.jpg,,existing-relative-path
photograph.html,1/2/2/8/122804110/line-album-2024-240807-16.jpg,repaired,uploads/1/2/2/8/122804110/line-album-2024-240807-16.jpg,uploads/1/2/2/8/122804110/line-album-2024-240807-16.jpg,,existing-relative-path
photograph.html,1/2/2/8/122804110/line-album-2024-240807-4.jpg,repaired,uploads/1/2/2/8/122804110/line-album-2024-240807-4.jpg,uploads/1/2/2/8/122804110/line-album-2024-240807-4.jpg,,existing-relative-path
photograph.html,1/2/2/8/122804110/line-album-2024-240807-5.jpg,repaired,uploads/1/2/2/8/122804110/line-album-2024-240807-5.jpg,uploads/1/2/2/8/122804110/line-album-2024-240807-5.jpg,,existing-relative-path
photograph.html,1/2/2/8/122804110/line-album-2024-240807-6.jpg,repaired,uploads/1/2/2/8/122804110/line-album-2024-240807-6.jpg,uploads/1/2/2/8/122804110/line-album-2024-240807-6.jpg,,existing-relative-path
photograph.html,1/2/2/8/122804110/line-album-2024-240807-7.jpg,repaired,uploads/1/2/2/8/122804110/line-album-2024-240807-7.jpg,uploads/1/2/2/8/122804110/line-album-2024-240807-7.jpg,,existing-relative-path
photograph.html,1/2/2/8/122804110/line-album-2024-240807-8.jpg,repaired,uploads/1/2/2/8/122804110/line-album-2024-240807-8.jpg,uploads/1/2/2/8/122804110/line-album-2024-240807-8.jpg,,existing-relative-path
photograph.html,1\/2\/2\/8\/122804110\/line-album-2023-11-230823-orig.jpg,repaired,uploads\/1\/2\/2\/8\/122804110\/line-album-2023-11-230823-orig.jpg,uploads/1/2/2/8/122804110/line-album-2023-11-230823-orig.jpg,,existing-relative-path
photograph.html,1\/2\/2\/8\/122804110\/line-album-2023-12-230823-orig.jpg,repaired,uploads\/1\/2\/2\/8\/122804110\/line-album-2023-12-230823-orig.jpg,uploads/1/2/2/8/122804110/line-album-2023-12-230823-orig.jpg,,existing-relative-path
photograph.html,1\/2\/2\/8\/122804110\/line-album-2023-13-230823-orig.jpg,repaired,uploads\/1\/2\/2\/8\/122804110\/line-album-2023-13-230823-orig.jpg,uploads/1/2/2/8/122804110/line-album-2023-13-230823-orig.jpg,,existing-relative-path
photograph.html,1\/2\/2\/8\/122804110\/line-album-2023-14-230823-orig.jpg,repaired,uploads\/1\/2\/2\/8\/122804110\/line-album-2023-14-230823-orig.jpg,uploads/1/2/2/8/122804110/line-album-2023-14-230823-orig.jpg,,existing-relative-path
photograph.html,1\/2\/2\/8\/122804110\/line-album-2023-16-230823-orig.jpg,repaired,uploads\/1\/2\/2\/8\/122804110\/line-album-2023-16-230823-orig.jpg,uploads/1/2/2/8/122804110/line-album-2023-16-230823-orig.jpg,,existing-relative-path
photograph.html,1\/2\/2\/8\/122804110\/line-album-2023-230802-jpg-2-orig.jpg,repaired,uploads\/1\/2\/2\/8\/122804110\/line-album-2023-230802-jpg-2-orig.jpg,uploads/1/2/2/8/122804110/line-album-2023-230802-jpg-2-orig.jpg,,existing-relative-path
photograph.html,1\/2\/2\/8\/122804110\/line-album-2023-230802-jpg3-orig.jpg,repaired,uploads\/1\/2\/2\/8\/122804110\/line-album-2023-230802-jpg3-orig.jpg,uploads/1/2/2/8/122804110/line-album-2023-230802-jpg3-orig.jpg,,existing-relative-path
photograph.html,1\/2\/2\/8\/122804110\/line-album-2023-230802-jpg4-orig.jpg,repaired,uploads\/1\/2\/2\/8\/122804110\/line-album-2023-230802-jpg4-orig.jpg,uploads/1/2/2/8/122804110/line-album-2023-230802-jpg4-orig.jpg,,existing-relative-path
photograph.html,1\/2\/2\/8\/122804110\/line-album-2023-230802-jpg5-orig.jpg,repaired,uploads\/1\/2\/2\/8\/122804110\/line-album-2023-230802-jpg5-orig.jpg,uploads/1/2/2/8/122804110/line-album-2023-230802-jpg5-orig.jpg,,existing-relative-path
photograph.html,1\/2\/2\/8\/122804110\/line-album-2023-230802-jpg6-orig.jpg,repaired,uploads\/1\/2\/2\/8\/122804110\/line-album-2023-230802-jpg6-orig.jpg,uploads/1/2/2/8/122804110/line-album-2023-230802-jpg6-orig.jpg,,existing-relative-path
photograph.html,1\/2\/2\/8\/122804110\/line-album-2023-230802-jpg8-orig.jpg,repaired,uploads\/1\/2\/2\/8\/122804110\/line-album-2023-230802-jpg8-orig.jpg,uploads/1/2/2/8/122804110/line-album-2023-230802-jpg8-orig.jpg,,existing-relative-path
photograph.html,1\/2\/2\/8\/122804110\/line-album-2023-230802-jpg9-orig.jpg,repaired,uploads\/1\/2\/2\/8\/122804110\/line-album-2023-230802-jpg9-orig.jpg,uploads/1/2/2/8/122804110/line-album-2023-230802-jpg9-orig.jpg,,existing-relative-path
photograph.html,1\/2\/2\/8\/122804110\/line-album-2023-230803-jpg-10-orig.jpg,repaired,uploads\/1\/2\/2\/8\/122804110\/line-album-2023-230803-jpg-10-orig.jpg,uploads/1/2/2/8/122804110/line-album-2023-230803-jpg-10-orig.jpg,,existing-relative-path
photograph.html,1\/2\/2\/8\/122804110\/p1010139-orig.jpg,repaired,uploads\/1\/2\/2\/8\/122804110\/p1010139-orig.jpg,uploads/1/2/2/8/122804110/p1010139-orig.jpg,,existing-relative-path
photograph.html,1\/2\/2\/8\/122804110\/p1010140-orig.jpg,repaired,uploads\/1\/2\/2\/8\/122804110\/p1010140-orig.jpg,uploads/1/2/2/8/122804110/p1010140-orig.jpg,,existing-relative-path
photograph.html,1\/2\/2\/8\/122804110\/p1010143-orig.jpg,repaired,uploads\/1\/2\/2\/8\/122804110\/p1010143-orig.jpg,uploads/1/2/2/8/122804110/p1010143-orig.jpg,,existing-relative-path
photograph.html,1\/2\/2\/8\/122804110\/p1010147-orig.jpg,repaired,uploads\/1\/2\/2\/8\/122804110\/p1010147-orig.jpg,uploads/1/2/2/8/122804110/p1010147-orig.jpg,,existing-relative-path
photograph.html,1\/2\/2\/8\/122804110\/p1010153-orig.jpg,repaired,uploads\/1\/2\/2\/8\/122804110\/p1010153-orig.jpg,uploads/1/2/2/8/122804110/p1010153-orig.jpg,,existing-relative-path
photograph.html,1\/2\/2\/8\/122804110\/p1010157-orig.jpg,repaired,uploads\/1\/2\/2\/8\/122804110\/p1010157-orig.jpg,uploads/1/2/2/8/122804110/p1010157-orig.jpg,,existing-relative-path
photograph.html,1\/2\/2\/8\/122804110\/p1010159-orig.jpg,repaired,uploads\/1\/2\/2\/8\/122804110\/p1010159-orig.jpg,uploads/1/2/2/8/122804110/p1010159-orig.jpg,,existing-relative-path
photograph.html,1\/2\/2\/8\/122804110\/p1010161-orig.jpg,repaired,uploads\/1\/2\/2\/8\/122804110\/p1010161-orig.jpg,uploads/1/2/2/8/122804110/p1010161-orig.jpg,,existing-relative-path
photograph.html,1\/2\/2\/8\/122804110\/p1010168-orig.jpg,repaired,uploads\/1\/2\/2\/8\/122804110\/p1010168-orig.jpg,uploads/1/2/2/8/122804110/p1010168-orig.jpg,,existing-relative-path
photograph.html,1\/2\/2\/8\/122804110\/p1010171-orig.jpg,repaired,uploads\/1\/2\/2\/8\/122804110\/p1010171-orig.jpg,uploads/1/2/2/8/122804110/p1010171-orig.jpg,,existing-relative-path
photograph.html,1\/2\/2\/8\/122804110\/p1010174-orig.jpg,repaired,uploads\/1\/2\/2\/8\/122804110\/p1010174-orig.jpg,uploads/1/2/2/8/122804110/p1010174-orig.jpg,,existing-relative-path
photograph.html,1\/2\/2\/8\/122804110\/p1010176-orig.jpg,repaired,uploads\/1\/2\/2\/8\/122804110\/p1010176-orig.jpg,uploads/1/2/2/8/122804110/p1010176-orig.jpg,,existing-relative-path
photograph.html,1\/2\/2\/8\/122804110\/p1010177-orig.jpg,repaired,uploads\/1\/2\/2\/8\/122804110\/p1010177-orig.jpg,uploads/1/2/2/8/122804110/p1010177-orig.jpg,,existing-relative-path
photograph.html,1\/2\/2\/8\/122804110\/p1010178-orig.jpg,repaired,uploads\/1\/2\/2\/8\/122804110\/p1010178-orig.jpg,uploads/1/2/2/8/122804110/p1010178-orig.jpg,,existing-relative-path
photograph.html,1\/2\/2\/8\/122804110\/p1010179-orig.jpg,repaired,uploads\/1\/2\/2\/8\/122804110\/p1010179-orig.jpg,uploads/1/2/2/8/122804110/p1010179-orig.jpg,,existing-relative-path
photograph.html,1\/2\/2\/8\/122804110\/p1010184-orig.jpg,repaired,uploads\/1\/2\/2\/8\/122804110\/p1010184-orig.jpg,uploads/1/2/2/8/122804110/p1010184-orig.jpg,,existing-relative-path
photograph.html,1\/2\/2\/8\/122804110\/p1010185-orig.jpg,repaired,uploads\/1\/2\/2\/8\/122804110\/p1010185-orig.jpg,uploads/1/2/2/8/122804110/p1010185-orig.jpg,,existing-relative-path
photograph.html,1\/2\/2\/8\/122804110\/p1010187-orig.jpg,repaired,uploads\/1\/2\/2\/8\/122804110\/p1010187-orig.jpg,uploads/1/2/2/8/122804110/p1010187-orig.jpg,,existing-relative-path
photograph.html,1\/2\/2\/8\/122804110\/p1010188-orig.jpg,repaired,uploads\/1\/2\/2\/8\/122804110\/p1010188-orig.jpg,uploads/1/2/2/8/122804110/p1010188-orig.jpg,,existing-relative-path
photograph.html,1\/2\/2\/8\/122804110\/p1010190-orig.jpg,repaired,uploads\/1\/2\/2\/8\/122804110\/p1010190-orig.jpg,uploads/1/2/2/8/122804110/p1010190-orig.jpg,,existing-relative-path
photograph.html,1\/2\/2\/8\/122804110\/p1010195-orig.jpg,repaired,uploads\/1\/2\/2\/8\/122804110\/p1010195-orig.jpg,uploads/1/2/2/8/122804110/p1010195-orig.jpg,,existing-relative-path
photograph.html,1\/2\/2\/8\/122804110\/p1010197-orig.jpg,repaired,uploads\/1\/2\/2\/8\/122804110\/p1010197-orig.jpg,uploads/1/2/2/8/122804110/p1010197-orig.jpg,,existing-relative-path
photograph.html,1\/2\/2\/8\/122804110\/s-23470088-orig.jpg,repaired,uploads\/1\/2\/2\/8\/122804110\/s-23470088-orig.jpg,uploads/1/2/2/8/122804110/s-23470088-orig.jpg,,existing-relative-path
photograph.html,1\/2\/2\/8\/122804110\/s-23470089-orig.jpg,repaired,uploads\/1\/2\/2\/8\/122804110\/s-23470089-orig.jpg,uploads/1/2/2/8/122804110/s-23470089-orig.jpg,,existing-relative-path
photograph.html,1\/2\/2\/8\/122804110\/s-23470091-orig.jpg,repaired,uploads\/1\/2\/2\/8\/122804110\/s-23470091-orig.jpg,uploads/1/2/2/8/122804110/s-23470091-orig.jpg,,existing-relative-path
photograph.html,1\/2\/2\/8\/122804110\/p1011761-orig.jpg,repaired,uploads\/1\/2\/2\/8\/122804110\/p1011761-orig.jpg,uploads/1/2/2/8/122804110/p1011761-orig.jpg,,existing-relative-path
photograph.html,1\/2\/2\/8\/122804110\/p1011767-orig.jpg,repaired,uploads\/1\/2\/2\/8\/122804110\/p1011767-orig.jpg,uploads/1/2/2/8/122804110/p1011767-orig.jpg,,existing-relative-path
photograph.html,1\/2\/2\/8\/122804110\/p1011805-orig.jpg,repaired,uploads\/1\/2\/2\/8\/122804110\/p1011805-orig.jpg,uploads/1/2/2/8/122804110/p1011805-orig.jpg,,existing-relative-path
photograph.html,1\/2\/2\/8\/122804110\/p1011814-orig.jpg,repaired,uploads\/1\/2\/2\/8\/122804110\/p1011814-orig.jpg,uploads/1/2/2/8/122804110/p1011814-orig.jpg,,existing-relative-path
photograph.html,1\/2\/2\/8\/122804110\/p1011823-orig.jpg,repaired,uploads\/1\/2\/2\/8\/122804110\/p1011823-orig.jpg,uploads/1/2/2/8/122804110/p1011823-orig.jpg,,existing-relative-path
photograph.html,1\/2\/2\/8\/122804110\/p1011830-orig.jpg,repaired,uploads\/1\/2\/2\/8\/122804110\/p1011830-orig.jpg,uploads/1/2/2/8/122804110/p1011830-orig.jpg,,existing-relative-path
photograph.html,1\/2\/2\/8\/122804110\/p1011832-orig.jpg,repaired,uploads\/1\/2\/2\/8\/122804110\/p1011832-orig.jpg,uploads/1/2/2/8/122804110/p1011832-orig.jpg,,existing-relative-path
photograph.html,1\/2\/2\/8\/122804110\/p1011840-orig.jpg,repaired,uploads\/1\/2\/2\/8\/122804110\/p1011840-orig.jpg,uploads/1/2/2/8/122804110/p1011840-orig.jpg,,existing-relative-path
photograph.html,1\/2\/2\/8\/122804110\/p1011848-orig.jpg,repaired,uploads\/1\/2\/2\/8\/122804110\/p1011848-orig.jpg,uploads/1/2/2/8/122804110/p1011848-orig.jpg,,existing-relative-path
photograph.html,1\/2\/2\/8\/122804110\/p1011884-orig.jpg,repaired,uploads\/1\/2\/2\/8\/122804110\/p1011884-orig.jpg,uploads/1/2/2/8/122804110/p1011884-orig.jpg,,existing-relative-path
photograph.html,1\/2\/2\/8\/122804110\/p1011462-1-orig.jpg,repaired,uploads\/1\/2\/2\/8\/122804110\/p1011462-1-orig.jpg,uploads/1/2/2/8/122804110/p1011462-1-orig.jpg,,existing-relative-path
photograph.html,1\/2\/2\/8\/122804110\/p1011467-1-orig.jpg,repaired,uploads\/1\/2\/2\/8\/122804110\/p1011467-1-orig.jpg,uploads/1/2/2/8/122804110/p1011467-1-orig.jpg,,existing-relative-path
photograph.html,1\/2\/2\/8\/122804110\/p1011468-orig.jpg,repaired,uploads\/1\/2\/2\/8\/122804110\/p1011468-orig.jpg,uploads/1/2/2/8/122804110/p1011468-orig.jpg,,existing-relative-path
photograph.html,1\/2\/2\/8\/122804110\/p1011472-orig.jpg,repaired,uploads\/1\/2\/2\/8\/122804110\/p1011472-orig.jpg,uploads/1/2/2/8/122804110/p1011472-orig.jpg,,existing-relative-path
photograph.html,1\/2\/2\/8\/122804110\/p1011477-orig.jpg,repaired,uploads\/1\/2\/2\/8\/122804110\/p1011477-orig.jpg,uploads/1/2/2/8/122804110/p1011477-orig.jpg,,existing-relative-path
photograph.html,1\/2\/2\/8\/122804110\/p1011483-orig.jpg,repaired,uploads\/1\/2\/2\/8\/122804110\/p1011483-orig.jpg,uploads/1/2/2/8/122804110/p1011483-orig.jpg,,existing-relative-path
photograph.html,1\/2\/2\/8\/122804110\/p1011487-orig.jpg,repaired,uploads\/1\/2\/2\/8\/122804110\/p1011487-orig.jpg,uploads/1/2/2/8/122804110/p1011487-orig.jpg,,existing-relative-path
photograph.html,1\/2\/2\/8\/122804110\/p1011494-orig.jpg,repaired,uploads\/1\/2\/2\/8\/122804110\/p1011494-orig.jpg,uploads/1/2/2/8/122804110/p1011494-orig.jpg,,existing-relative-path
photograph.html,1\/2\/2\/8\/122804110\/p1011501-orig.jpg,repaired,uploads\/1\/2\/2\/8\/122804110\/p1011501-orig.jpg,uploads/1/2/2/8/122804110/p1011501-orig.jpg,,existing-relative-path
photograph.html,1\/2\/2\/8\/122804110\/p1011512-1-orig.jpg,repaired,uploads\/1\/2\/2\/8\/122804110\/p1011512-1-orig.jpg,uploads/1/2/2/8/122804110/p1011512-1-orig.jpg,,existing-relative-path
photograph.html,1\/2\/2\/8\/122804110\/p1011516-orig.jpg,repaired,uploads\/1\/2\/2\/8\/122804110\/p1011516-orig.jpg,uploads/1/2/2/8/122804110/p1011516-orig.jpg,,existing-relative-path
photograph.html,1\/2\/2\/8\/122804110\/p1011531-orig.jpg,repaired,uploads\/1\/2\/2\/8\/122804110\/p1011531-orig.jpg,uploads/1/2/2/8/122804110/p1011531-orig.jpg,,existing-relative-path
photograph.html,1\/2\/2\/8\/122804110\/p1011547-orig.jpg,repaired,uploads\/1\/2\/2\/8\/122804110\/p1011547-orig.jpg,uploads/1/2/2/8/122804110/p1011547-orig.jpg,,existing-relative-path
photograph.html,1\/2\/2\/8\/122804110\/p1011562-orig.jpg,repaired,uploads\/1\/2\/2\/8\/122804110\/p1011562-orig.jpg,uploads/1/2/2/8/122804110/p1011562-orig.jpg,,existing-relative-path
photograph.html,1\/2\/2\/8\/122804110\/p1011566-1-orig.jpg,repaired,uploads\/1\/2\/2\/8\/122804110\/p1011566-1-orig.jpg,uploads/1/2/2/8/122804110/p1011566-1-orig.jpg,,existing-relative-path
photograph.html,1\/2\/2\/8\/122804110\/p1011570-1-orig.jpg,repaired,uploads\/1\/2\/2\/8\/122804110\/p1011570-1-orig.jpg,uploads/1/2/2/8/122804110/p1011570-1-orig.jpg,,existing-relative-path
photograph.html,1\/2\/2\/8\/122804110\/p1011576-1-orig.jpg,repaired,uploads\/1\/2\/2\/8\/122804110\/p1011576-1-orig.jpg,uploads/1/2/2/8/122804110/p1011576-1-orig.jpg,,existing-relative-path
photograph.html,1\/2\/2\/8\/122804110\/p1011581-1-orig.jpg,repaired,uploads\/1\/2\/2\/8\/122804110\/p1011581-1-orig.jpg,uploads/1/2/2/8/122804110/p1011581-1-orig.jpg,,existing-relative-path
photograph.html,1\/2\/2\/8\/122804110\/p1011590-orig.jpg,repaired,uploads\/1\/2\/2\/8\/122804110\/p1011590-orig.jpg,uploads/1/2/2/8/122804110/p1011590-orig.jpg,,existing-relative-path
photograph.html,1\/2\/2\/8\/122804110\/p1011595-orig.jpg,repaired,uploads\/1\/2\/2\/8\/122804110\/p1011595-orig.jpg,uploads/1/2/2/8/122804110/p1011595-orig.jpg,,existing-relative-path
photograph.html,1\/2\/2\/8\/122804110\/p1011597-orig-1.jpg,repaired,uploads\/1\/2\/2\/8\/122804110\/p1011597-orig-1.jpg,uploads/1/2/2/8/122804110/p1011597-orig-1.jpg,,existing-relative-path
photograph.html,1\/2\/2\/8\/122804110\/p1011597-orig.jpg,repaired,uploads\/1\/2\/2\/8\/122804110\/p1011597-orig.jpg,uploads/1/2/2/8/122804110/p1011597-orig.jpg,,existing-relative-path
photograph.html,1\/2\/2\/8\/122804110\/p1011600-orig.jpg,repaired,uploads\/1\/2\/2\/8\/122804110\/p1011600-orig.jpg,uploads/1/2/2/8/122804110/p1011600-orig.jpg,,existing-relative-path
photograph.html,1\/2\/2\/8\/122804110\/p1011601-orig.jpg,repaired,uploads\/1\/2\/2\/8\/122804110\/p1011601-orig.jpg,uploads/1/2/2/8/122804110/p1011601-orig.jpg,,existing-relative-path
photograph.html,1\/2\/2\/8\/122804110\/p1011602-orig.jpg,repaired,uploads\/1\/2\/2\/8\/122804110\/p1011602-orig.jpg,uploads/1/2/2/8/122804110/p1011602-orig.jpg,,existing-relative-path
photograph.html,1\/2\/2\/8\/122804110\/p1011604-orig.jpg,repaired,uploads\/1\/2\/2\/8\/122804110\/p1011604-orig.jpg,uploads/1/2/2/8/122804110/p1011604-orig.jpg,,existing-relative-path
photograph.html,1\/2\/2\/8\/122804110\/9277074174562-1-orig.jpg,repaired,uploads\/1\/2\/2\/8\/122804110\/9277074174562-1-orig.jpg,uploads/1/2/2/8/122804110/9277074174562-1-orig.jpg,,existing-relative-path
photograph.html,1\/2\/2\/8\/122804110\/img-0857-2-orig.jpg,repaired,uploads\/1\/2\/2\/8\/122804110\/img-0857-2-orig.jpg,uploads/1/2/2/8/122804110/img-0857-2-orig.jpg,,existing-relative-path
photograph.html,1\/2\/2\/8\/122804110\/img-6116-orig.jpg,repaired,uploads\/1\/2\/2\/8\/122804110\/img-6116-orig.jpg,uploads/1/2/2/8/122804110/img-6116-orig.jpg,,existing-relative-path
photograph.html,1\/2\/2\/8\/122804110\/img-6135-orig.jpg,repaired,uploads\/1\/2\/2\/8\/122804110\/img-6135-orig.jpg,uploads/1/2/2/8/122804110/img-6135-orig.jpg,,existing-relative-path
photograph.html,1\/2\/2\/8\/122804110\/img-6140-orig.jpg,repaired,uploads\/1\/2\/2\/8\/122804110\/img-6140-orig.jpg,uploads/1/2/2/8/122804110/img-6140-orig.jpg,,existing-relative-path
photograph.html,1\/2\/2\/8\/122804110\/p7190690-1-orig.jpg,repaired,uploads\/1\/2\/2\/8\/122804110\/p7190690-1-orig.jpg,uploads/1/2/2/8/122804110/p7190690-1-orig.jpg,,existing-relative-path
photograph.html,1\/2\/2\/8\/122804110\/p7190702-1-orig.jpg,repaired,uploads\/1\/2\/2\/8\/122804110\/p7190702-1-orig.jpg,uploads/1/2/2/8/122804110/p7190702-1-orig.jpg,,existing-relative-path
photograph.html,1\/2\/2\/8\/122804110\/p7190709-1-orig.jpg,repaired,uploads\/1\/2\/2\/8\/122804110\/p7190709-1-orig.jpg,uploads/1/2/2/8/122804110/p7190709-1-orig.jpg,,existing-relative-path
photograph.html,1\/2\/2\/8\/122804110\/p7190716-1-orig.jpg,repaired,uploads\/1\/2\/2\/8\/122804110\/p7190716-1-orig.jpg,uploads/1/2/2/8/122804110/p7190716-1-orig.jpg,,existing-relative-path
photograph.html,1\/2\/2\/8\/122804110\/p7190839-orig.jpg,repaired,uploads\/1\/2\/2\/8\/122804110\/p7190839-orig.jpg,uploads/1/2/2/8/122804110/p7190839-orig.jpg,,existing-relative-path
photograph.html,1\/2\/2\/8\/122804110\/p7190840-orig.jpg,repaired,uploads\/1\/2\/2\/8\/122804110\/p7190840-orig.jpg,uploads/1/2/2/8/122804110/p7190840-orig.jpg,,existing-relative-path
photograph.html,1\/2\/2\/8\/122804110\/p7190841-orig.jpg,repaired,uploads\/1\/2\/2\/8\/122804110\/p7190841-orig.jpg,uploads/1/2/2/8/122804110/p7190841-orig.jpg,,existing-relative-path
photograph.html,1\/2\/2\/8\/122804110\/p7190842.jpg,repaired,uploads\/1\/2\/2\/8\/122804110\/p7190842.jpg,uploads/1/2/2/8/122804110/p7190842.jpg,,existing-relative-path
photograph.html,1\/2\/2\/8\/122804110\/p7190842-orig.jpg,repaired,uploads\/1\/2\/2\/8\/122804110\/p7190842-orig.jpg,uploads/1/2/2/8/122804110/p7190842-orig.jpg,,existing-relative-path
photograph.html,1\/2\/2\/8\/122804110\/p7190843-orig.jpg,repaired,uploads\/1\/2\/2\/8\/122804110\/p7190843-orig.jpg,uploads/1/2/2/8/122804110/p7190843-orig.jpg,,existing-relative-path
photograph.html,1\/2\/2\/8\/122804110\/p7190844-orig.jpg,repaired,uploads\/1\/2\/2\/8\/122804110\/p7190844-orig.jpg,uploads/1/2/2/8/122804110/p7190844-orig.jpg,,existing-relative-path
photograph.html,1\/2\/2\/8\/122804110\/p7190858-orig.jpg,repaired,uploads\/1\/2\/2\/8\/122804110\/p7190858-orig.jpg,uploads/1/2/2/8/122804110/p7190858-orig.jpg,,existing-relative-path
photograph.html,1\/2\/2\/8\/122804110\/p7190861-orig.jpg,repaired,uploads\/1\/2\/2\/8\/122804110\/p7190861-orig.jpg,uploads/1/2/2/8/122804110/p7190861-orig.jpg,,existing-relative-path
photograph.html,1\/2\/2\/8\/122804110\/p7190874-orig.jpg,repaired,uploads\/1\/2\/2\/8\/122804110\/p7190874-orig.jpg,uploads/1/2/2/8/122804110/p7190874-orig.jpg,,existing-relative-path
photograph.html,1\/2\/2\/8\/122804110\/p7190879-1-orig.jpg,repaired,uploads\/1\/2\/2\/8\/122804110\/p7190879-1-orig.jpg,uploads/1/2/2/8/122804110/p7190879-1-orig.jpg,,existing-relative-path
photograph.html,1\/2\/2\/8\/122804110\/p7190881-orig.jpg,repaired,uploads\/1\/2\/2\/8\/122804110\/p7190881-orig.jpg,uploads/1/2/2/8/122804110/p7190881-orig.jpg,,existing-relative-path
photograph.html,1\/2\/2\/8\/122804110\/p7190883-orig.jpg,repaired,uploads\/1\/2\/2\/8\/122804110\/p7190883-orig.jpg,uploads/1/2/2/8/122804110/p7190883-orig.jpg,,existing-relative-path
photograph.html,1\/2\/2\/8\/122804110\/p7190980-orig.jpg,repaired,uploads\/1\/2\/2\/8\/122804110\/p7190980-orig.jpg,uploads/1/2/2/8/122804110/p7190980-orig.jpg,,existing-relative-path
photograph.html,1\/2\/2\/8\/122804110\/p7231015-orig.jpg,repaired,uploads\/1\/2\/2\/8\/122804110\/p7231015-orig.jpg,uploads/1/2/2/8/122804110/p7231015-orig.jpg,,existing-relative-path
photograph.html,1\/2\/2\/8\/122804110\/1-36209245701-o-orig.jpg,repaired,uploads\/1\/2\/2\/8\/122804110\/1-36209245701-o-orig.jpg,uploads/1/2/2/8/122804110/1-36209245701-o-orig.jpg,,existing-relative-path
photograph.html,1\/2\/2\/8\/122804110\/2-36177292322-o-orig.jpg,repaired,uploads\/1\/2\/2\/8\/122804110\/2-36177292322-o-orig.jpg,uploads/1/2/2/8/122804110/2-36177292322-o-orig.jpg,,existing-relative-path
photograph.html,1\/2\/2\/8\/122804110\/3-36177291972-o-orig.jpg,repaired,uploads\/1\/2\/2\/8\/122804110\/3-36177291972-o-orig.jpg,uploads/1/2/2/8/122804110/3-36177291972-o-orig.jpg,,existing-relative-path
photograph.html,1\/2\/2\/8\/122804110\/4-36301469396-o-orig.jpg,repaired,uploads\/1\/2\/2\/8\/122804110\/4-36301469396-o-orig.jpg,uploads/1/2/2/8/122804110/4-36301469396-o-orig.jpg,,existing-relative-path
photograph.html,1\/2\/2\/8\/122804110\/5-35949154170-o-orig.jpg,repaired,uploads\/1\/2\/2\/8\/122804110\/5-35949154170-o-orig.jpg,uploads/1/2/2/8/122804110/5-35949154170-o-orig.jpg,,existing-relative-path
photograph.html,1\/2\/2\/8\/122804110\/7-35949153560-o-orig.jpg,repaired,uploads\/1\/2\/2\/8\/122804110\/7-35949153560-o-orig.jpg,uploads/1/2/2/8/122804110/7-35949153560-o-orig.jpg,,existing-relative-path
photograph.html,1\/2\/2\/8\/122804110\/8-36209253251-o-orig.jpg,repaired,uploads\/1\/2\/2\/8\/122804110\/8-36209253251-o-orig.jpg,uploads/1/2/2/8/122804110/8-36209253251-o-orig.jpg,,existing-relative-path
photograph.html,1\/2\/2\/8\/122804110\/9-35949152530-o-orig.jpg,repaired,uploads\/1\/2\/2\/8\/122804110\/9-35949152530-o-orig.jpg,uploads/1/2/2/8/122804110/9-35949152530-o-orig.jpg,,existing-relative-path
photograph.html,1\/2\/2\/8\/122804110\/10-36301466996-o-orig.jpg,repaired,uploads\/1\/2\/2\/8\/122804110\/10-36301466996-o-orig.jpg,uploads/1/2/2/8/122804110/10-36301466996-o-orig.jpg,,existing-relative-path
photograph.html,1\/2\/2\/8\/122804110\/11-36301466416-o-orig.jpg,repaired,uploads\/1\/2\/2\/8\/122804110\/11-36301466416-o-orig.jpg,uploads/1/2/2/8/122804110/11-36301466416-o-orig.jpg,,existing-relative-path
photograph.html,1\/2\/2\/8\/122804110\/12-36209252621-o-orig.jpg,repaired,uploads\/1\/2\/2\/8\/122804110\/12-36209252621-o-orig.jpg,uploads/1/2/2/8/122804110/12-36209252621-o-orig.jpg,,existing-relative-path
photograph.html,1\/2\/2\/8\/122804110\/13-36346051585-o-orig-1.jpg,repaired,uploads\/1\/2\/2\/8\/122804110\/13-36346051585-o-orig-1.jpg,uploads/1/2/2/8/122804110/13-36346051585-o-orig-1.jpg,,existing-relative-path
photograph.html,1\/2\/2\/8\/122804110\/13-36346051585-o-orig.jpg,repaired,uploads\/1\/2\/2\/8\/122804110\/13-36346051585-o-orig.jpg,uploads/1/2/2/8/122804110/13-36346051585-o-orig.jpg,,existing-relative-path
photograph.html,1\/2\/2\/8\/122804110\/14-36177292662-o-orig.jpg,repaired,uploads\/1\/2\/2\/8\/122804110\/14-36177292662-o-orig.jpg,uploads/1/2/2/8/122804110/14-36177292662-o-orig.jpg,,existing-relative-path
photograph.html,1\/2\/2\/8\/122804110\/15-36177292492-o-orig.jpg,repaired,uploads\/1\/2\/2\/8\/122804110\/15-36177292492-o-orig.jpg,uploads/1/2/2/8/122804110/15-36177292492-o-orig.jpg,,existing-relative-path
photograph.html,1\/2\/2\/8\/122804110\/16-36209259461-o-orig.jpg,repaired,uploads\/1\/2\/2\/8\/122804110\/16-36209259461-o-orig.jpg,uploads/1/2/2/8/122804110/16-36209259461-o-orig.jpg,,existing-relative-path
photograph.html,1\/2\/2\/8\/122804110\/img-8319-36209437721-o-1-orig.jpg,repaired,uploads\/1\/2\/2\/8\/122804110\/img-8319-36209437721-o-1-orig.jpg,uploads/1/2/2/8/122804110/img-8319-36209437721-o-1-orig.jpg,,existing-relative-path
photograph.html,1\/2\/2\/8\/122804110\/img-8325-35537449793-o-1-orig.jpg,repaired,uploads\/1\/2\/2\/8\/122804110\/img-8325-35537449793-o-1-orig.jpg,uploads/1/2/2/8/122804110/img-8325-35537449793-o-1-orig.jpg,,existing-relative-path
photograph.html,1\/2\/2\/8\/122804110\/img-8327-36177417362-o-orig.jpg,repaired,uploads\/1\/2\/2\/8\/122804110\/img-8327-36177417362-o-orig.jpg,uploads/1/2/2/8/122804110/img-8327-36177417362-o-orig.jpg,,existing-relative-path
photograph.html,1\/2\/2\/8\/122804110\/img-8329-36209444361-o-orig.jpg,repaired,uploads\/1\/2\/2\/8\/122804110\/img-8329-36209444361-o-orig.jpg,uploads/1/2/2/8/122804110/img-8329-36209444361-o-orig.jpg,,existing-relative-path
photograph.html,1\/2\/2\/8\/122804110\/20616276-1615453045139585-1705047421-o-36208944391-o-orig.jpg,repaired,uploads\/1\/2\/2\/8\/122804110\/20616276-1615453045139585-1705047421-o-36208944391-o-orig.jpg,uploads/1/2/2/8/122804110/20616276-1615453045139585-1705047421-o-36208944391-o-orig.jpg,,existing-relative-path
photograph.html,1\/2\/2\/8\/122804110\/p6150588-27622471734-o-orig.jpg,repaired,uploads\/1\/2\/2\/8\/122804110\/p6150588-27622471734-o-orig.jpg,uploads/1/2/2/8/122804110/p6150588-27622471734-o-orig.jpg,,existing-relative-path
photograph.html,1\/2\/2\/8\/122804110\/p6150589-27622470174-o-orig.jpg,repaired,uploads\/1\/2\/2\/8\/122804110\/p6150589-27622470174-o-orig.jpg,uploads/1/2/2/8/122804110/p6150589-27622470174-o-orig.jpg,,existing-relative-path
photograph.html,1\/2\/2\/8\/122804110\/p6150596-27622472164-o-orig.jpg,repaired,uploads\/1\/2\/2\/8\/122804110\/p6150596-27622472164-o-orig.jpg,uploads/1/2/2/8/122804110/p6150596-27622472164-o-orig.jpg,,existing-relative-path
photograph.html,1\/2\/2\/8\/122804110\/p6150672-27622473814-o-orig.jpg,repaired,uploads\/1\/2\/2\/8\/122804110\/p6150672-27622473814-o-orig.jpg,uploads/1/2/2/8/122804110/p6150672-27622473814-o-orig.jpg,,existing-relative-path
photograph.html,1\/2\/2\/8\/122804110\/p6150696-27622475364-o-orig.jpg,repaired,uploads\/1\/2\/2\/8\/122804110\/p6150696-27622475364-o-orig.jpg,uploads/1/2/2/8/122804110/p6150696-27622475364-o-orig.jpg,,existing-relative-path
photograph.html,1\/2\/2\/8\/122804110\/20597971-1615452815139608-640826611-o-36208944461-o.jpg,repaired,uploads\/1\/2\/2\/8\/122804110\/20597971-1615452815139608-640826611-o-36208944461-o.jpg,uploads/1/2/2/8/122804110/20597971-1615452815139608-640826611-o-36208944461-o.jpg,,existing-relative-path
photograph.html,1\/2\/2\/8\/122804110\/11840652-1052402714778950-1311005045-o-20454043366-o-orig.jpg,repaired,uploads\/1\/2\/2\/8\/122804110\/11840652-1052402714778950-1311005045-o-20454043366-o-orig.jpg,uploads/1/2/2/8/122804110/11840652-1052402714778950-1311005045-o-20454043366-o-orig.jpg,,existing-relative-path
photograph.html,1\/2\/2\/8\/122804110\/12030760-1215801651779607-673030510-n-21505176240-o-orig.jpg,repaired,uploads\/1\/2\/2\/8\/122804110\/12030760-1215801651779607-673030510-n-21505176240-o-orig.jpg,uploads/1/2/2/8/122804110/12030760-1215801651779607-673030510-n-21505176240-o-orig.jpg,,existing-relative-path
photograph.html,1\/2\/2\/8\/122804110\/alim6292-16467061749-o-orig.jpg,repaired,uploads\/1\/2\/2\/8\/122804110\/alim6292-16467061749-o-orig.jpg,uploads/1/2/2/8/122804110/alim6292-16467061749-o-orig.jpg,,existing-relative-path
photograph.html,1\/2\/2\/8\/122804110\/alim6311-16652200772-o-orig.jpg,repaired,uploads\/1\/2\/2\/8\/122804110\/alim6311-16652200772-o-orig.jpg,uploads/1/2/2/8/122804110/alim6311-16652200772-o-orig.jpg,,existing-relative-path
photograph.html,1\/2\/2\/8\/122804110\/alim6318-16465649458-o-orig.jpg,repaired,uploads\/1\/2\/2\/8\/122804110\/alim6318-16465649458-o-orig.jpg,uploads/1/2/2/8/122804110/alim6318-16465649458-o-orig.jpg,,existing-relative-path
photograph.html,1\/2\/2\/8\/122804110\/alim6334-16627289326-o-orig.jpg,repaired,uploads\/1\/2\/2\/8\/122804110\/alim6334-16627289326-o-orig.jpg,uploads/1/2/2/8/122804110/alim6334-16627289326-o-orig.jpg,,existing-relative-path
photograph.html,1\/2\/2\/8\/122804110\/alim6336-16465835770-o-orig.jpg,repaired,uploads\/1\/2\/2\/8\/122804110\/alim6336-16465835770-o-orig.jpg,uploads/1/2/2/8/122804110/alim6336-16465835770-o-orig.jpg,,existing-relative-path
photograph.html,1\/2\/2\/8\/122804110\/alim6342-16465648748-o-orig.jpg,repaired,uploads\/1\/2\/2\/8\/122804110\/alim6342-16465648748-o-orig.jpg,uploads/1/2/2/8/122804110/alim6342-16465648748-o-orig.jpg,,existing-relative-path
photograph.html,1\/2\/2\/8\/122804110\/alim6357-16467060799-o-orig.jpg,repaired,uploads\/1\/2\/2\/8\/122804110\/alim6357-16467060799-o-orig.jpg,uploads/1/2/2/8/122804110/alim6357-16467060799-o-orig.jpg,,existing-relative-path
photograph.html,1\/2\/2\/8\/122804110\/alim6804-19422531284-o-orig.jpg,repaired,uploads\/1\/2\/2\/8\/122804110\/alim6804-19422531284-o-orig.jpg,uploads/1/2/2/8/122804110/alim6804-19422531284-o-orig.jpg,,existing-relative-path
photograph.html,1\/2\/2\/8\/122804110\/alim6972-19424188243-o-orig.jpg,repaired,uploads\/1\/2\/2\/8\/122804110\/alim6972-19424188243-o-orig.jpg,uploads/1/2/2/8/122804110/alim6972-19424188243-o-orig.jpg,,existing-relative-path
photograph.html,1\/2\/2\/8\/122804110\/alim7062-19424185533-o-orig.jpg,repaired,uploads\/1\/2\/2\/8\/122804110\/alim7062-19424185533-o-orig.jpg,uploads/1/2/2/8/122804110/alim7062-19424185533-o-orig.jpg,,existing-relative-path
photograph.html,1\/2\/2\/8\/122804110\/alim7063-20037352652-o-orig.jpg,repaired,uploads\/1\/2\/2\/8\/122804110\/alim7063-20037352652-o-orig.jpg,uploads/1/2/2/8/122804110/alim7063-20037352652-o-orig.jpg,,existing-relative-path
photograph.html,1\/2\/2\/8\/122804110\/alim7065-20045170875-o-orig.jpg,repaired,uploads\/1\/2\/2\/8\/122804110\/alim7065-20045170875-o-orig.jpg,uploads/1/2/2/8/122804110/alim7065-20045170875-o-orig.jpg,,existing-relative-path
photograph.html,1\/2\/2\/8\/122804110\/alim7069-20050475911-o-orig.jpg,repaired,uploads\/1\/2\/2\/8\/122804110\/alim7069-20050475911-o-orig.jpg,uploads/1/2/2/8/122804110/alim7069-20050475911-o-orig.jpg,,existing-relative-path
photograph.html,1\/2\/2\/8\/122804110\/alim7070-19858495819-o-orig.jpg,repaired,uploads\/1\/2\/2\/8\/122804110\/alim7070-19858495819-o-orig.jpg,uploads/1/2/2/8/122804110/alim7070-19858495819-o-orig.jpg,,existing-relative-path
photograph.html,1\/2\/2\/8\/122804110\/dscf0515-23428664494-o-orig.jpg,repaired,uploads\/1\/2\/2\/8\/122804110\/dscf0515-23428664494-o-orig.jpg,uploads/1/2/2/8/122804110/dscf0515-23428664494-o-orig.jpg,,existing-relative-path
photograph.html,1\/2\/2\/8\/122804110\/dscf0517-23428665304-o-orig.jpg,repaired,uploads\/1\/2\/2\/8\/122804110\/dscf0517-23428665304-o-orig.jpg,uploads/1/2/2/8/122804110/dscf0517-23428665304-o-orig.jpg,,existing-relative-path
photograph.html,1\/2\/2\/8\/122804110\/dscf0522-23689068799-o-orig.jpg,repaired,uploads\/1\/2\/2\/8\/122804110\/dscf0522-23689068799-o-orig.jpg,uploads/1/2/2/8/122804110/dscf0522-23689068799-o-orig.jpg,,existing-relative-path
photograph.html,1\/2\/2\/8\/122804110\/dscf0531-23948756632-o-orig.jpg,repaired,uploads\/1\/2\/2\/8\/122804110\/dscf0531-23948756632-o-orig.jpg,uploads/1/2/2/8/122804110/dscf0531-23948756632-o-orig.jpg,,existing-relative-path
photograph.html,1\/2\/2\/8\/122804110\/dscf0545-23948758042-o-orig.jpg,repaired,uploads\/1\/2\/2\/8\/122804110\/dscf0545-23948758042-o-orig.jpg,uploads/1/2/2/8/122804110/dscf0545-23948758042-o-orig.jpg,,existing-relative-path
photograph.html,1\/2\/2\/8\/122804110\/dscf0547-23689073309-o-orig.jpg,repaired,uploads\/1\/2\/2\/8\/122804110\/dscf0547-23689073309-o-orig.jpg,uploads/1/2/2/8/122804110/dscf0547-23689073309-o-orig.jpg,,existing-relative-path
photograph.html,1\/2\/2\/8\/122804110\/dscf0632-24030796516-o-orig.jpg,repaired,uploads\/1\/2\/2\/8\/122804110\/dscf0632-24030796516-o-orig.jpg,uploads/1/2/2/8/122804110/dscf0632-24030796516-o-orig.jpg,,existing-relative-path
photograph.html,1\/2\/2\/8\/122804110\/dscf0636-23430134493-o-orig.jpg,repaired,uploads\/1\/2\/2\/8\/122804110\/dscf0636-23430134493-o-orig.jpg,uploads/1/2/2/8/122804110/dscf0636-23430134493-o-orig.jpg,,existing-relative-path
photograph.html,1\/2\/2\/8\/122804110\/dscf0642-23430135193-o-orig.jpg,repaired,uploads\/1\/2\/2\/8\/122804110\/dscf0642-23430135193-o-orig.jpg,uploads/1/2/2/8/122804110/dscf0642-23430135193-o-orig.jpg,,existing-relative-path
photograph.html,1\/2\/2\/8\/122804110\/dscf0647-24030798866-o-orig.jpg,repaired,uploads\/1\/2\/2\/8\/122804110\/dscf0647-24030798866-o-orig.jpg,uploads/1/2/2/8/122804110/dscf0647-24030798866-o-orig.jpg,,existing-relative-path
photograph.html,1\/2\/2\/8\/122804110\/img-3333-20471520612-o-orig.jpg,repaired,uploads\/1\/2\/2\/8\/122804110\/img-3333-20471520612-o-orig.jpg,uploads/1/2/2/8/122804110/img-3333-20471520612-o-orig.jpg,,existing-relative-path
photograph.html,1\/2\/2\/8\/122804110\/p1070759-19231591096-o-orig.jpg,repaired,uploads\/1\/2\/2\/8\/122804110\/p1070759-19231591096-o-orig.jpg,uploads/1/2/2/8/122804110/p1070759-19231591096-o-orig.jpg,,existing-relative-path
photograph.html,1\/2\/2\/8\/122804110\/p1070761-19257663055-o-orig.jpg,repaired,uploads\/1\/2\/2\/8\/122804110\/p1070761-19257663055-o-orig.jpg,uploads/1/2/2/8/122804110/p1070761-19257663055-o-orig.jpg,,existing-relative-path
photograph.html,1\/2\/2\/8\/122804110\/p1070785-19231589746-o-orig.jpg,repaired,uploads\/1\/2\/2\/8\/122804110\/p1070785-19231589746-o-orig.jpg,uploads/1/2/2/8/122804110/p1070785-19231589746-o-orig.jpg,,existing-relative-path
photograph.html,1\/2\/2\/8\/122804110\/p1070800-18635195604-o-orig.jpg,repaired,uploads\/1\/2\/2\/8\/122804110\/p1070800-18635195604-o-orig.jpg,uploads/1/2/2/8/122804110/p1070800-18635195604-o-orig.jpg,,existing-relative-path
photograph.html,1\/2\/2\/8\/122804110\/p1070805-19261498151-o-orig.jpg,repaired,uploads\/1\/2\/2\/8\/122804110\/p1070805-19261498151-o-orig.jpg,uploads/1/2/2/8/122804110/p1070805-19261498151-o-orig.jpg,,existing-relative-path
photograph.html,1\/2\/2\/8\/122804110\/p1070807-18635193534-o-orig.jpg,repaired,uploads\/1\/2\/2\/8\/122804110\/p1070807-18635193534-o-orig.jpg,uploads/1/2/2/8/122804110/p1070807-18635193534-o-orig.jpg,,existing-relative-path
photograph.html,1\/2\/2\/8\/122804110\/p1070815-19070064490-o-orig.jpg,repaired,uploads\/1\/2\/2\/8\/122804110\/p1070815-19070064490-o-orig.jpg,uploads/1/2/2/8/122804110/p1070815-19070064490-o-orig.jpg,,existing-relative-path
photograph.html,1\/2\/2\/8\/122804110\/p1070826-18637114453-o-orig.jpg,repaired,uploads\/1\/2\/2\/8\/122804110\/p1070826-18637114453-o-orig.jpg,uploads/1/2/2/8/122804110/p1070826-18637114453-o-orig.jpg,,existing-relative-path
photograph.html,1\/2\/2\/8\/122804110\/p1070831-18637113493-o-orig.jpg,repaired,uploads\/1\/2\/2\/8\/122804110\/p1070831-18637113493-o-orig.jpg,uploads/1/2/2/8/122804110/p1070831-18637113493-o-orig.jpg,,existing-relative-path
photograph.html,1\/2\/2\/8\/122804110\/p1070858-19070069438-o-orig.jpg,repaired,uploads\/1\/2\/2\/8\/122804110\/p1070858-19070069438-o-orig.jpg,uploads/1/2/2/8/122804110/p1070858-19070069438-o-orig.jpg,,existing-relative-path
photograph.html,1\/2\/2\/8\/122804110\/p1070860-18637111763-o-orig.jpg,repaired,uploads\/1\/2\/2\/8\/122804110\/p1070860-18637111763-o-orig.jpg,uploads/1/2/2/8/122804110/p1070860-18637111763-o-orig.jpg,,existing-relative-path
photograph.html,1\/2\/2\/8\/122804110\/p1070861-19071518729-o-orig.jpg,repaired,uploads\/1\/2\/2\/8\/122804110\/p1070861-19071518729-o-orig.jpg,uploads/1/2/2/8/122804110/p1070861-19071518729-o-orig.jpg,,existing-relative-path
photograph.html,1\/2\/2\/8\/122804110\/p1070879-18637110343-o-orig.jpg,repaired,uploads\/1\/2\/2\/8\/122804110\/p1070879-18637110343-o-orig.jpg,uploads/1/2/2/8/122804110/p1070879-18637110343-o-orig.jpg,,existing-relative-path
photograph.html,1\/2\/2\/8\/122804110\/2014-01-27-192628-12355958835-o-orig.jpg,repaired,uploads\/1\/2\/2\/8\/122804110\/2014-01-27-192628-12355958835-o-orig.jpg,uploads/1/2/2/8/122804110/2014-01-27-192628-12355958835-o-orig.jpg,,existing-relative-path
photograph.html,1\/2\/2\/8\/122804110\/2014-01-27-192857-12356126533-o-orig.jpg,repaired,uploads\/1\/2\/2\/8\/122804110\/2014-01-27-192857-12356126533-o-orig.jpg,uploads/1/2/2/8/122804110/2014-01-27-192857-12356126533-o-orig.jpg,,existing-relative-path
photograph.html,1\/2\/2\/8\/122804110\/2014-01-27-195038-12356126263-o-orig.jpg,repaired,uploads\/1\/2\/2\/8\/122804110\/2014-01-27-195038-12356126263-o-orig.jpg,uploads/1/2/2/8/122804110/2014-01-27-195038-12356126263-o-orig.jpg,,existing-relative-path
photograph.html,1\/2\/2\/8\/122804110\/2014-01-27-195114-12356402994-o-orig.jpg,repaired,uploads\/1\/2\/2\/8\/122804110\/2014-01-27-195114-12356402994-o-orig.jpg,uploads/1/2/2/8/122804110/2014-01-27-195114-12356402994-o-orig.jpg,,existing-relative-path
photograph.html,1\/2\/2\/8\/122804110\/2014-01-27-195152-12356402424-o-orig.jpg,repaired,uploads\/1\/2\/2\/8\/122804110\/2014-01-27-195152-12356402424-o-orig.jpg,uploads/1/2/2/8/122804110/2014-01-27-195152-12356402424-o-orig.jpg,,existing-relative-path
photograph.html,1\/2\/2\/8\/122804110\/img-1393-14881540736-o-orig.jpg,repaired,uploads\/1\/2\/2\/8\/122804110\/img-1393-14881540736-o-orig.jpg,uploads/1/2/2/8/122804110/img-1393-14881540736-o-orig.jpg,,existing-relative-path
photograph.html,1\/2\/2\/8\/122804110\/img-1398-14717983087-o-orig.jpg,repaired,uploads\/1\/2\/2\/8\/122804110\/img-1398-14717983087-o-orig.jpg,uploads/1/2/2/8/122804110/img-1398-14717983087-o-orig.jpg,,existing-relative-path
photograph.html,1\/2\/2\/8\/122804110\/img-1399-14904529495-o-orig.jpg,repaired,uploads\/1\/2\/2\/8\/122804110\/img-1399-14904529495-o-orig.jpg,uploads/1/2/2/8/122804110/img-1399-14904529495-o-orig.jpg,,existing-relative-path
photograph.html,1\/2\/2\/8\/122804110\/img-1404-14881540506-o-orig.jpg,repaired,uploads\/1\/2\/2\/8\/122804110\/img-1404-14881540506-o-orig.jpg,uploads/1/2/2/8/122804110/img-1404-14881540506-o-orig.jpg,,existing-relative-path
photograph.html,1\/2\/2\/8\/122804110\/img-1407-14901465421-o-orig.jpg,repaired,uploads\/1\/2\/2\/8\/122804110\/img-1407-14901465421-o-orig.jpg,uploads/1/2/2/8/122804110/img-1407-14901465421-o-orig.jpg,,existing-relative-path
photograph.html,1\/2\/2\/8\/122804110\/img-1414-14717892849-o-orig.jpg,repaired,uploads\/1\/2\/2\/8\/122804110\/img-1414-14717892849-o-orig.jpg,uploads/1/2/2/8/122804110/img-1414-14717892849-o-orig.jpg,,existing-relative-path
photograph.html,1\/2\/2\/8\/122804110\/img-1461-14904174032-o-orig.jpg,repaired,uploads\/1\/2\/2\/8\/122804110\/img-1461-14904174032-o-orig.jpg,uploads/1/2/2/8/122804110/img-1461-14904174032-o-orig.jpg,,existing-relative-path
photograph.html,1\/2\/2\/8\/122804110\/img-1462-14901464921-o-orig.jpg,repaired,uploads\/1\/2\/2\/8\/122804110\/img-1462-14901464921-o-orig.jpg,uploads/1/2/2/8/122804110/img-1462-14901464921-o-orig.jpg,,existing-relative-path
photograph.html,1\/2\/2\/8\/122804110\/img-2162-15703552469-o-orig.jpg,repaired,uploads\/1\/2\/2\/8\/122804110\/img-2162-15703552469-o-orig.jpg,uploads/1/2/2/8/122804110/img-2162-15703552469-o-orig.jpg,,existing-relative-path
photograph.html,1\/2\/2\/8\/122804110\/img-2163-15888946912-o-orig.jpg,repaired,uploads\/1\/2\/2\/8\/122804110\/img-2163-15888946912-o-orig.jpg,uploads/1/2/2/8/122804110/img-2163-15888946912-o-orig.jpg,,existing-relative-path
photograph.html,1\/2\/2\/8\/122804110\/img-2172-15863766886-o-orig.jpg,repaired,uploads\/1\/2\/2\/8\/122804110\/img-2172-15863766886-o-orig.jpg,uploads/1/2/2/8/122804110/img-2172-15863766886-o-orig.jpg,,existing-relative-path
photograph.html,1\/2\/2\/8\/122804110\/img-2175-15267321864-o-orig.jpg,repaired,uploads\/1\/2\/2\/8\/122804110\/img-2175-15267321864-o-orig.jpg,uploads/1/2/2/8/122804110/img-2175-15267321864-o-orig.jpg,,existing-relative-path
photograph.html,1\/2\/2\/8\/122804110\/p1060701-12356124943-o-orig.jpg,repaired,uploads\/1\/2\/2\/8\/122804110\/p1060701-12356124943-o-orig.jpg,uploads/1/2/2/8/122804110/p1060701-12356124943-o-orig.jpg,,existing-relative-path
photograph.html,1\/2\/2\/8\/122804110\/p1070846-14772148481-o-orig.jpg,repaired,uploads\/1\/2\/2\/8\/122804110\/p1070846-14772148481-o-orig.jpg,uploads/1/2/2/8/122804110/p1070846-14772148481-o-orig.jpg,,existing-relative-path
photograph.html,1\/2\/2\/8\/122804110\/p1070862-14774963732-o-orig.jpg,repaired,uploads\/1\/2\/2\/8\/122804110\/p1070862-14774963732-o-orig.jpg,uploads/1/2/2/8/122804110/p1070862-14774963732-o-orig.jpg,,existing-relative-path
photograph.html,1\/2\/2\/8\/122804110\/p1070870-14795182223-o-orig.jpg,repaired,uploads\/1\/2\/2\/8\/122804110\/p1070870-14795182223-o-orig.jpg,uploads/1/2/2/8/122804110/p1070870-14795182223-o-orig.jpg,,existing-relative-path
photograph.html,1\/2\/2\/8\/122804110\/p1070880-14588648139-o-orig.jpg,repaired,uploads\/1\/2\/2\/8\/122804110\/p1070880-14588648139-o-orig.jpg,uploads/1/2/2/8/122804110/p1070880-14588648139-o-orig.jpg,,existing-relative-path
photograph.html,1\/2\/2\/8\/122804110\/p1070884-14752303306-o-orig.jpg,repaired,uploads\/1\/2\/2\/8\/122804110\/p1070884-14752303306-o-orig.jpg,uploads/1/2/2/8/122804110/p1070884-14752303306-o-orig.jpg,,existing-relative-path
photograph.html,1\/2\/2\/8\/122804110\/p1070897-14588824147-o-orig.jpg,repaired,uploads\/1\/2\/2\/8\/122804110\/p1070897-14588824147-o-orig.jpg,uploads/1/2/2/8/122804110/p1070897-14588824147-o-orig.jpg,,existing-relative-path
photograph.html,1\/2\/2\/8\/122804110\/jsylab-photo-43-12111470205-o-orig.jpg,repaired,uploads\/1\/2\/2\/8\/122804110\/jsylab-photo-43-12111470205-o-orig.jpg,uploads/1/2/2/8/122804110/jsylab-photo-43-12111470205-o-orig.jpg,,existing-relative-path
photograph.html,1\/2\/2\/8\/122804110\/jsylab-photo-44-12111470185-o-orig.jpg,repaired,uploads\/1\/2\/2\/8\/122804110\/jsylab-photo-44-12111470185-o-orig.jpg,uploads/1/2/2/8/122804110/jsylab-photo-44-12111470185-o-orig.jpg,,existing-relative-path
photograph.html,1\/2\/2\/8\/122804110\/jsylab-photo-46-12111768643-o-orig.jpg,repaired,uploads\/1\/2\/2\/8\/122804110\/jsylab-photo-46-12111768643-o-orig.jpg,uploads/1/2/2/8/122804110/jsylab-photo-46-12111768643-o-orig.jpg,,existing-relative-path
photograph.html,1\/2\/2\/8\/122804110\/jsylab-photo-47-12112128746-o-orig.jpg,repaired,uploads\/1\/2\/2\/8\/122804110\/jsylab-photo-47-12112128746-o-orig.jpg,uploads/1/2/2/8/122804110/jsylab-photo-47-12112128746-o-orig.jpg,,existing-relative-path
photograph.html,1\/2\/2\/8\/122804110\/jsylab-photo-48-12111768573-o-orig.jpg,repaired,uploads\/1\/2\/2\/8\/122804110\/jsylab-photo-48-12111768573-o-orig.jpg,uploads/1/2/2/8/122804110/jsylab-photo-48-12111768573-o-orig.jpg,,existing-relative-path
photograph.html,1\/2\/2\/8\/122804110\/jsylab-photo-49-12112128716-o-orig.jpg,repaired,uploads\/1\/2\/2\/8\/122804110\/jsylab-photo-49-12112128716-o-orig.jpg,uploads/1/2/2/8/122804110/jsylab-photo-49-12112128716-o-orig.jpg,,existing-relative-path
photograph.html,1\/2\/2\/8\/122804110\/jsylab-photo-50-12112128686-o-orig.jpg,repaired,uploads\/1\/2\/2\/8\/122804110\/jsylab-photo-50-12112128686-o-orig.jpg,uploads/1/2/2/8/122804110/jsylab-photo-50-12112128686-o-orig.jpg,,existing-relative-path
photograph.html,1\/2\/2\/8\/122804110\/jsylab-photo-51-12112128706-o-orig.jpg,repaired,uploads\/1\/2\/2\/8\/122804110\/jsylab-photo-51-12112128706-o-orig.jpg,uploads/1/2/2/8/122804110/jsylab-photo-51-12112128706-o-orig.jpg,,existing-relative-path
photograph.html,1\/2\/2\/8\/122804110\/jsylab-photo-52-12111469985-o-orig.jpg,repaired,uploads\/1\/2\/2\/8\/122804110\/jsylab-photo-52-12111469985-o-orig.jpg,uploads/1/2/2/8/122804110/jsylab-photo-52-12111469985-o-orig.jpg,,existing-relative-path
photograph.html,1\/2\/2\/8\/122804110\/jsylab-photo-53-12111469895-o-orig.jpg,repaired,uploads\/1\/2\/2\/8\/122804110\/jsylab-photo-53-12111469895-o-orig.jpg,uploads/1/2/2/8/122804110/jsylab-photo-53-12111469895-o-orig.jpg,,existing-relative-path
photograph.html,1\/2\/2\/8\/122804110\/jsylab-photo-54-12112128426-o-orig.jpg,repaired,uploads\/1\/2\/2\/8\/122804110\/jsylab-photo-54-12112128426-o-orig.jpg,uploads/1/2/2/8/122804110/jsylab-photo-54-12112128426-o-orig.jpg,,existing-relative-path
photograph.html,1\/2\/2\/8\/122804110\/jsylab-photo-55-12111469865-o-orig.jpg,repaired,uploads\/1\/2\/2\/8\/122804110\/jsylab-photo-55-12111469865-o-orig.jpg,uploads/1/2/2/8/122804110/jsylab-photo-55-12111469865-o-orig.jpg,,existing-relative-path
photograph.html,1\/2\/2\/8\/122804110\/jsylab-photo-56-12112128356-o-orig.jpg,repaired,uploads\/1\/2\/2\/8\/122804110\/jsylab-photo-56-12112128356-o-orig.jpg,uploads/1/2/2/8/122804110/jsylab-photo-56-12112128356-o-orig.jpg,,existing-relative-path
photograph.html,1\/2\/2\/8\/122804110\/jsylab-photo-57-12112128266-o-orig.jpg,repaired,uploads\/1\/2\/2\/8\/122804110\/jsylab-photo-57-12112128266-o-orig.jpg,uploads/1/2/2/8/122804110/jsylab-photo-57-12112128266-o-orig.jpg,,existing-relative-path
photograph.html,1\/2\/2\/8\/122804110\/jsylab-photo-58-12111858784-o-orig.jpg,repaired,uploads\/1\/2\/2\/8\/122804110\/jsylab-photo-58-12111858784-o-orig.jpg,uploads/1/2/2/8/122804110/jsylab-photo-58-12111858784-o-orig.jpg,,existing-relative-path
photograph.html,1\/2\/2\/8\/122804110\/jsylab-photo-59-12111469645-o-orig.jpg,repaired,uploads\/1\/2\/2\/8\/122804110\/jsylab-photo-59-12111469645-o-orig.jpg,uploads/1/2/2/8/122804110/jsylab-photo-59-12111469645-o-orig.jpg,,existing-relative-path
photograph.html,1\/2\/2\/8\/122804110\/jsylab-photo-60-12111768093-o-orig.jpg,repaired,uploads\/1\/2\/2\/8\/122804110\/jsylab-photo-60-12111768093-o-orig.jpg,uploads/1/2/2/8/122804110/jsylab-photo-60-12111768093-o-orig.jpg,,existing-relative-path
photograph.html,1\/2\/2\/8\/122804110\/jsylab-photo-61-12111768213-o-orig.jpg,repaired,uploads\/1\/2\/2\/8\/122804110\/jsylab-photo-61-12111768213-o-orig.jpg,uploads/1/2/2/8/122804110/jsylab-photo-61-12111768213-o-orig.jpg,,existing-relative-path
photograph.html,1\/2\/2\/8\/122804110\/jsylab-photo-62-12111768033-o-orig.jpg,repaired,uploads\/1\/2\/2\/8\/122804110\/jsylab-photo-62-12111768033-o-orig.jpg,uploads/1/2/2/8/122804110/jsylab-photo-62-12111768033-o-orig.jpg,,existing-relative-path
photograph.html,1\/2\/2\/8\/122804110\/jsylab-photo-63-12111858754-o-orig.jpg,repaired,uploads\/1\/2\/2\/8\/122804110\/jsylab-photo-63-12111858754-o-orig.jpg,uploads/1/2/2/8/122804110/jsylab-photo-63-12111858754-o-orig.jpg,,existing-relative-path
photograph.html,1\/2\/2\/8\/122804110\/jsylab-photo-21-12111462765-o-orig.jpg,repaired,uploads\/1\/2\/2\/8\/122804110\/jsylab-photo-21-12111462765-o-orig.jpg,uploads/1/2/2/8/122804110/jsylab-photo-21-12111462765-o-orig.jpg,,existing-relative-path
photograph.html,1\/2\/2\/8\/122804110\/jsylab-photo-22-12112120436-o-orig.jpg,repaired,uploads\/1\/2\/2\/8\/122804110\/jsylab-photo-22-12112120436-o-orig.jpg,uploads/1/2/2/8/122804110/jsylab-photo-22-12112120436-o-orig.jpg,,existing-relative-path
photograph.html,1\/2\/2\/8\/122804110\/jsylab-photo-23-12112121706-o-orig.jpg,repaired,uploads\/1\/2\/2\/8\/122804110\/jsylab-photo-23-12112121706-o-orig.jpg,uploads/1/2/2/8/122804110/jsylab-photo-23-12112121706-o-orig.jpg,,existing-relative-path
photograph.html,1\/2\/2\/8\/122804110\/jsylab-photo-24-12111462615-o-orig.jpg,repaired,uploads\/1\/2\/2\/8\/122804110\/jsylab-photo-24-12111462615-o-orig.jpg,uploads/1/2/2/8/122804110/jsylab-photo-24-12111462615-o-orig.jpg,,existing-relative-path
photograph.html,1\/2\/2\/8\/122804110\/jsylab-photo-25-12111851684-o-orig.jpg,repaired,uploads\/1\/2\/2\/8\/122804110\/jsylab-photo-25-12111851684-o-orig.jpg,uploads/1/2/2/8/122804110/jsylab-photo-25-12111851684-o-orig.jpg,,existing-relative-path
photograph.html,1\/2\/2\/8\/122804110\/jsylab-photo-26-12111761253-o-orig.jpg,repaired,uploads\/1\/2\/2\/8\/122804110\/jsylab-photo-26-12111761253-o-orig.jpg,uploads/1/2/2/8/122804110/jsylab-photo-26-12111761253-o-orig.jpg,,existing-relative-path
photograph.html,1\/2\/2\/8\/122804110\/jsylab-photo-27-12112121386-o-orig.jpg,repaired,uploads\/1\/2\/2\/8\/122804110\/jsylab-photo-27-12112121386-o-orig.jpg,uploads/1/2/2/8/122804110/jsylab-photo-27-12112121386-o-orig.jpg,,existing-relative-path
photograph.html,1\/2\/2\/8\/122804110\/jsylab-photo-28-12111462265-o-orig.jpg,repaired,uploads\/1\/2\/2\/8\/122804110\/jsylab-photo-28-12111462265-o-orig.jpg,uploads/1/2/2/8/122804110/jsylab-photo-28-12111462265-o-orig.jpg,,existing-relative-path
photograph.html,1\/2\/2\/8\/122804110\/jsylab-photo-29-12111760993-o-orig.jpg,repaired,uploads\/1\/2\/2\/8\/122804110\/jsylab-photo-29-12111760993-o-orig.jpg,uploads/1/2/2/8/122804110/jsylab-photo-29-12111760993-o-orig.jpg,,existing-relative-path
photograph.html,1\/2\/2\/8\/122804110\/jsylab-photo-30-12112120966-o-orig.jpg,repaired,uploads\/1\/2\/2\/8\/122804110\/jsylab-photo-30-12112120966-o-orig.jpg,uploads/1/2/2/8/122804110/jsylab-photo-30-12112120966-o-orig.jpg,,existing-relative-path
photograph.html,1\/2\/2\/8\/122804110\/jsylab-photo-31-12112120796-o-orig.jpg,repaired,uploads\/1\/2\/2\/8\/122804110\/jsylab-photo-31-12112120796-o-orig.jpg,uploads/1/2/2/8/122804110/jsylab-photo-31-12112120796-o-orig.jpg,,existing-relative-path
photograph.html,1\/2\/2\/8\/122804110\/jsylab-photo-32-12112120766-o-orig.jpg,repaired,uploads\/1\/2\/2\/8\/122804110\/jsylab-photo-32-12112120766-o-orig.jpg,uploads/1/2/2/8/122804110/jsylab-photo-32-12112120766-o-orig.jpg,,existing-relative-path
photograph.html,1\/2\/2\/8\/122804110\/jsylab-photo-33-12111760563-o-orig.jpg,repaired,uploads\/1\/2\/2\/8\/122804110\/jsylab-photo-33-12111760563-o-orig.jpg,uploads/1/2/2/8/122804110/jsylab-photo-33-12111760563-o-orig.jpg,,existing-relative-path
photograph.html,1\/2\/2\/8\/122804110\/jsylab-photo-34-12111850904-o-orig.jpg,repaired,uploads\/1\/2\/2\/8\/122804110\/jsylab-photo-34-12111850904-o-orig.jpg,uploads/1/2/2/8/122804110/jsylab-photo-34-12111850904-o-orig.jpg,,existing-relative-path
photograph.html,1\/2\/2\/8\/122804110\/jsylab-photo-35-12111461855-o-orig.jpg,repaired,uploads\/1\/2\/2\/8\/122804110\/jsylab-photo-35-12111461855-o-orig.jpg,uploads/1/2/2/8/122804110/jsylab-photo-35-12111461855-o-orig.jpg,,existing-relative-path
photograph.html,1\/2\/2\/8\/122804110\/jsylab-photo-36-12111461845-o-orig.jpg,repaired,uploads\/1\/2\/2\/8\/122804110\/jsylab-photo-36-12111461845-o-orig.jpg,uploads/1/2/2/8/122804110/jsylab-photo-36-12111461845-o-orig.jpg,,existing-relative-path
photograph.html,1\/2\/2\/8\/122804110\/jsylab-photo-37-12112120516-o-orig.jpg,repaired,uploads\/1\/2\/2\/8\/122804110\/jsylab-photo-37-12112120516-o-orig.jpg,uploads/1/2/2/8/122804110/jsylab-photo-37-12112120516-o-orig.jpg,,existing-relative-path
photograph.html,1\/2\/2\/8\/122804110\/jsylab-photo-38-12111850634-o-orig.jpg,repaired,uploads\/1\/2\/2\/8\/122804110\/jsylab-photo-38-12111850634-o-orig.jpg,uploads/1/2/2/8/122804110/jsylab-photo-38-12111850634-o-orig.jpg,,existing-relative-path
photograph.html,1\/2\/2\/8\/122804110\/jsylab-photo-39-12111850494-o-orig.jpg,repaired,uploads\/1\/2\/2\/8\/122804110\/jsylab-photo-39-12111850494-o-orig.jpg,uploads/1/2/2/8/122804110/jsylab-photo-39-12111850494-o-orig.jpg,,existing-relative-path
photograph.html,1\/2\/2\/8\/122804110\/jsylab-photo-40-12112120216-o-orig.jpg,repaired,uploads\/1\/2\/2\/8\/122804110\/jsylab-photo-40-12112120216-o-orig.jpg,uploads/1/2/2/8/122804110/jsylab-photo-40-12112120216-o-orig.jpg,,existing-relative-path
photograph.html,1\/2\/2\/8\/122804110\/jsylab-photo-41-12112120116-o-orig.jpg,repaired,uploads\/1\/2\/2\/8\/122804110\/jsylab-photo-41-12112120116-o-orig.jpg,uploads/1/2/2/8/122804110/jsylab-photo-41-12112120116-o-orig.jpg,,existing-relative-path
photograph.html,1\/2\/2\/8\/122804110\/jsylab-photo-42-12111760113-o-orig.jpg,repaired,uploads\/1\/2\/2\/8\/122804110\/jsylab-photo-42-12111760113-o-orig.jpg,uploads/1/2/2/8/122804110/jsylab-photo-42-12111760113-o-orig.jpg,,existing-relative-path
photograph.html,1\/2\/2\/8\/122804110\/jsylab-photo-43-12111461415-o-orig.jpg,repaired,uploads\/1\/2\/2\/8\/122804110\/jsylab-photo-43-12111461415-o-orig.jpg,uploads/1/2/2/8/122804110/jsylab-photo-43-12111461415-o-orig.jpg,,existing-relative-path
photograph.html,1\/2\/2\/8\/122804110\/dsc04774-12111451895-o-orig.jpg,repaired,uploads\/1\/2\/2\/8\/122804110\/dsc04774-12111451895-o-orig.jpg,uploads/1/2/2/8/122804110/dsc04774-12111451895-o-orig.jpg,,existing-relative-path
photograph.html,1\/2\/2\/8\/122804110\/dsc04806-12111451795-o-orig.jpg,repaired,uploads\/1\/2\/2\/8\/122804110\/dsc04806-12111451795-o-orig.jpg,uploads/1/2/2/8/122804110/dsc04806-12111451795-o-orig.jpg,,existing-relative-path
photograph.html,1\/2\/2\/8\/122804110\/dsc04807-12111750103-o-orig.jpg,repaired,uploads\/1\/2\/2\/8\/122804110\/dsc04807-12111750103-o-orig.jpg,uploads/1/2/2/8/122804110/dsc04807-12111750103-o-orig.jpg,,existing-relative-path
photograph.html,1\/2\/2\/8\/122804110\/dsc04809-12112110596-o-orig.jpg,repaired,uploads\/1\/2\/2\/8\/122804110\/dsc04809-12112110596-o-orig.jpg,uploads/1/2/2/8/122804110/dsc04809-12112110596-o-orig.jpg,,existing-relative-path
photograph.html,1\/2\/2\/8\/122804110\/dsc04812-12111451095-o-orig.jpg,repaired,uploads\/1\/2\/2\/8\/122804110\/dsc04812-12111451095-o-orig.jpg,uploads/1/2/2/8/122804110/dsc04812-12111451095-o-orig.jpg,,existing-relative-path
photograph.html,1\/2\/2\/8\/122804110\/dsc04813-12111840294-o-orig.jpg,repaired,uploads\/1\/2\/2\/8\/122804110\/dsc04813-12111840294-o-orig.jpg,uploads/1/2/2/8/122804110/dsc04813-12111840294-o-orig.jpg,,existing-relative-path
photograph.html,1\/2\/2\/8\/122804110\/dsc04815-12112110626-o-orig.jpg,repaired,uploads\/1\/2\/2\/8\/122804110\/dsc04815-12112110626-o-orig.jpg,uploads/1/2/2/8/122804110/dsc04815-12112110626-o-orig.jpg,,existing-relative-path
photograph.html,1\/2\/2\/8\/122804110\/dsc04816-12111840264-o-orig.jpg,repaired,uploads\/1\/2\/2\/8\/122804110\/dsc04816-12111840264-o-orig.jpg,uploads/1/2/2/8/122804110/dsc04816-12111840264-o-orig.jpg,,existing-relative-path
photograph.html,1\/2\/2\/8\/122804110\/jsylab-photo-13-12111830024-o-orig.jpg,repaired,uploads\/1\/2\/2\/8\/122804110\/jsylab-photo-13-12111830024-o-orig.jpg,uploads/1/2/2/8/122804110/jsylab-photo-13-12111830024-o-orig.jpg,,existing-relative-path
photograph.html,1\/2\/2\/8\/122804110\/jsylab-photo-14-12112099696-o-orig.jpg,repaired,uploads\/1\/2\/2\/8\/122804110\/jsylab-photo-14-12112099696-o-orig.jpg,uploads/1/2/2/8/122804110/jsylab-photo-14-12112099696-o-orig.jpg,,existing-relative-path
photograph.html,1\/2\/2\/8\/122804110\/jsylab-photo-15-12111829954-o-orig.jpg,repaired,uploads\/1\/2\/2\/8\/122804110\/jsylab-photo-15-12111829954-o-orig.jpg,uploads/1/2/2/8/122804110/jsylab-photo-15-12111829954-o-orig.jpg,,existing-relative-path
photograph.html,1\/2\/2\/8\/122804110\/jsylab-photo-16-12112099456-o-orig-1.jpg,repaired,uploads\/1\/2\/2\/8\/122804110\/jsylab-photo-16-12112099456-o-orig-1.jpg,uploads/1/2/2/8/122804110/jsylab-photo-16-12112099456-o-orig-1.jpg,,existing-relative-path
photograph.html,1\/2\/2\/8\/122804110\/jsylab-photo-16-12112099456-o-orig.jpg,repaired,uploads\/1\/2\/2\/8\/122804110\/jsylab-photo-16-12112099456-o-orig.jpg,uploads/1/2/2/8/122804110/jsylab-photo-16-12112099456-o-orig.jpg,,existing-relative-path
photograph.html,1\/2\/2\/8\/122804110\/jsylab-photo-17-12111829884-o-orig.jpg,repaired,uploads\/1\/2\/2\/8\/122804110\/jsylab-photo-17-12111829884-o-orig.jpg,uploads/1/2/2/8/122804110/jsylab-photo-17-12111829884-o-orig.jpg,,existing-relative-path
photograph.html,1\/2\/2\/8\/122804110\/jsylab-photo-18-12111739113-o-orig.jpg,repaired,uploads\/1\/2\/2\/8\/122804110\/jsylab-photo-18-12111739113-o-orig.jpg,uploads/1/2/2/8/122804110/jsylab-photo-18-12111739113-o-orig.jpg,,existing-relative-path
photograph.html,1\/2\/2\/8\/122804110\/jsylab-photo-19-12111440385-o-orig.jpg,repaired,uploads\/1\/2\/2\/8\/122804110\/jsylab-photo-19-12111440385-o-orig.jpg,uploads/1/2/2/8/122804110/jsylab-photo-19-12111440385-o-orig.jpg,,existing-relative-path
photograph.html,1\/2\/2\/8\/122804110\/jsylab-photo-20-12111829614-o-orig.jpg,repaired,uploads\/1\/2\/2\/8\/122804110\/jsylab-photo-20-12111829614-o-orig.jpg,uploads/1/2/2/8/122804110/jsylab-photo-20-12111829614-o-orig.jpg,,existing-relative-path
photograph.html,1\/2\/2\/8\/122804110\/dsc02936-12111727343-o-orig.jpg,repaired,uploads\/1\/2\/2\/8\/122804110\/dsc02936-12111727343-o-orig.jpg,uploads/1/2/2/8/122804110/dsc02936-12111727343-o-orig.jpg,,existing-relative-path
photograph.html,1\/2\/2\/8\/122804110\/dsc02937-12111817564-o-orig.jpg,repaired,uploads\/1\/2\/2\/8\/122804110\/dsc02937-12111817564-o-orig.jpg,uploads/1/2/2/8/122804110/dsc02937-12111817564-o-orig.jpg,,existing-relative-path
photograph.html,1\/2\/2\/8\/122804110\/dsc02945-12111818214-o-orig.jpg,repaired,uploads\/1\/2\/2\/8\/122804110\/dsc02945-12111818214-o-orig.jpg,uploads/1/2/2/8/122804110/dsc02945-12111818214-o-orig.jpg,,existing-relative-path
photograph.html,1\/2\/2\/8\/122804110\/dsc02949-12111817434-o-orig.jpg,repaired,uploads\/1\/2\/2\/8\/122804110\/dsc02949-12111817434-o-orig.jpg,uploads/1/2/2/8/122804110/dsc02949-12111817434-o-orig.jpg,,existing-relative-path
photograph.html,1\/2\/2\/8\/122804110\/dsc02959-12112087786-o-orig.jpg,repaired,uploads\/1\/2\/2\/8\/122804110\/dsc02959-12112087786-o-orig.jpg,uploads/1/2/2/8/122804110/dsc02959-12112087786-o-orig.jpg,,existing-relative-path
photograph.html,1\/2\/2\/8\/122804110\/dsc02968-12111726183-o-orig.jpg,repaired,uploads\/1\/2\/2\/8\/122804110\/dsc02968-12111726183-o-orig.jpg,uploads/1/2/2/8/122804110/dsc02968-12111726183-o-orig.jpg,,existing-relative-path
photograph.html,1\/2\/2\/8\/122804110\/dsc02973-12112087556-o-orig.jpg,repaired,uploads\/1\/2\/2\/8\/122804110\/dsc02973-12112087556-o-orig.jpg,uploads/1/2/2/8/122804110/dsc02973-12112087556-o-orig.jpg,,existing-relative-path
photograph.html,1\/2\/2\/8\/122804110\/dsc02979-12111726043-o-orig.jpg,repaired,uploads\/1\/2\/2\/8\/122804110\/dsc02979-12111726043-o-orig.jpg,uploads/1/2/2/8/122804110/dsc02979-12111726043-o-orig.jpg,,existing-relative-path
photograph.html,1\/2\/2\/8\/122804110\/001-12111807324-o-orig.jpg,repaired,uploads\/1\/2\/2\/8\/122804110\/001-12111807324-o-orig.jpg,uploads/1/2/2/8/122804110/001-12111807324-o-orig.jpg,,existing-relative-path
photograph.html,1\/2\/2\/8\/122804110\/011-12111716063-o-orig.jpg,repaired,uploads\/1\/2\/2\/8\/122804110\/011-12111716063-o-orig.jpg,uploads/1/2/2/8/122804110/011-12111716063-o-orig.jpg,,existing-relative-path
photograph.html,1\/2\/2\/8\/122804110\/img-0182-12111798374-o-orig.jpg,repaired,uploads\/1\/2\/2\/8\/122804110\/img-0182-12111798374-o-orig.jpg,uploads/1/2/2/8/122804110/img-0182-12111798374-o-orig.jpg,,existing-relative-path
photograph.html,1\/2\/2\/8\/122804110\/img-0183-12111708113-o-orig.jpg,repaired,uploads\/1\/2\/2\/8\/122804110\/img-0183-12111708113-o-orig.jpg,uploads/1/2/2/8/122804110/img-0183-12111708113-o-orig.jpg,,existing-relative-path
photograph.html,1\/2\/2\/8\/122804110\/imgp1217-12111408445-o-orig.jpg,repaired,uploads\/1\/2\/2\/8\/122804110\/imgp1217-12111408445-o-orig.jpg,uploads/1/2/2/8/122804110/imgp1217-12111408445-o-orig.jpg,,existing-relative-path
photograph.html,1\/2\/2\/8\/122804110\/imgp1304-12111707913-o-orig.jpg,repaired,uploads\/1\/2\/2\/8\/122804110\/imgp1304-12111707913-o-orig.jpg,uploads/1/2/2/8/122804110/imgp1304-12111707913-o-orig.jpg,,existing-relative-path
photograph.html,1\/2\/2\/8\/122804110\/jsylab-photo-1-12112036866-o-orig.jpg,repaired,uploads\/1\/2\/2\/8\/122804110\/jsylab-photo-1-12112036866-o-orig.jpg,uploads/1/2/2/8/122804110/jsylab-photo-1-12112036866-o-orig.jpg,,existing-relative-path
photograph.html,1\/2\/2\/8\/122804110\/jsylab-photo-2-12111377795-o-orig.jpg,repaired,uploads\/1\/2\/2\/8\/122804110\/jsylab-photo-2-12111377795-o-orig.jpg,uploads/1/2/2/8/122804110/jsylab-photo-2-12111377795-o-orig.jpg,,existing-relative-path
photograph.html,1\/2\/2\/8\/122804110\/jsylab-photo-3-12111767714-o-orig.jpg,repaired,uploads\/1\/2\/2\/8\/122804110\/jsylab-photo-3-12111767714-o-orig.jpg,uploads/1/2/2/8/122804110/jsylab-photo-3-12111767714-o-orig.jpg,,existing-relative-path
photograph.html,1\/2\/2\/8\/122804110\/jsylab-photo-4-12111767684-o-orig.jpg,repaired,uploads\/1\/2\/2\/8\/122804110\/jsylab-photo-4-12111767684-o-orig.jpg,uploads/1/2/2/8/122804110/jsylab-photo-4-12111767684-o-orig.jpg,,existing-relative-path
photograph.html,1\/2\/2\/8\/122804110\/jsylab-photo-5-12111377695-o-orig.jpg,repaired,uploads\/1\/2\/2\/8\/122804110\/jsylab-photo-5-12111377695-o-orig.jpg,uploads/1/2/2/8/122804110/jsylab-photo-5-12111377695-o-orig.jpg,,existing-relative-path
photograph.html,1\/2\/2\/8\/122804110\/jsylab-photo-6-12111677333-o-orig.jpg,repaired,uploads\/1\/2\/2\/8\/122804110\/jsylab-photo-6-12111677333-o-orig.jpg,uploads/1/2/2/8/122804110/jsylab-photo-6-12111677333-o-orig.jpg,,existing-relative-path
photograph.html,1\/2\/2\/8\/122804110\/jsylab-photo-7-12112036676-o-orig.jpg,repaired,uploads\/1\/2\/2\/8\/122804110\/jsylab-photo-7-12112036676-o-orig.jpg,uploads/1/2/2/8/122804110/jsylab-photo-7-12112036676-o-orig.jpg,,existing-relative-path
photograph.html,1\/2\/2\/8\/122804110\/jsylab-photo-8-12111677283-o-orig.jpg,repaired,uploads\/1\/2\/2\/8\/122804110\/jsylab-photo-8-12111677283-o-orig.jpg,uploads/1/2/2/8/122804110/jsylab-photo-8-12111677283-o-orig.jpg,,existing-relative-path
photograph.html,1\/2\/2\/8\/122804110\/jsylab-photo-9-12111377295-o-orig.jpg,repaired,uploads\/1\/2\/2\/8\/122804110\/jsylab-photo-9-12111377295-o-orig.jpg,uploads/1/2/2/8/122804110/jsylab-photo-9-12111377295-o-orig.jpg,,existing-relative-path
photograph.html,1\/2\/2\/8\/122804110\/jsylab-photo-10-12112036296-o-orig.jpg,repaired,uploads\/1\/2\/2\/8\/122804110\/jsylab-photo-10-12112036296-o-orig.jpg,uploads/1/2/2/8/122804110/jsylab-photo-10-12112036296-o-orig.jpg,,existing-relative-path
photograph.html,1\/2\/2\/8\/122804110\/jsylab-photo-11-12111377105-o-orig.jpg,repaired,uploads\/1\/2\/2\/8\/122804110\/jsylab-photo-11-12111377105-o-orig.jpg,uploads/1/2/2/8/122804110/jsylab-photo-11-12111377105-o-orig.jpg,,existing-relative-path
photograph.html,1\/2\/2\/8\/122804110\/jsylab-photo-12-12111377365-o-orig.jpg,repaired,uploads\/1\/2\/2\/8\/122804110\/jsylab-photo-12-12111377365-o-orig.jpg,uploads/1/2/2/8/122804110/jsylab-photo-12-12111377365-o-orig.jpg,,existing-relative-path
professor.html,/uploads/1/2/2/8/122804110/background-images/755158650.jpg,repaired,uploads/1/2/2/8/122804110/background-images/755158650.jpg,uploads/1/2/2/8/122804110/background-images/755158650.jpg,,existing-relative-path
publications.html,/uploads/1/2/2/8/122804110/background-images/996334386.jpg,repaired,uploads/1/2/2/8/122804110/background-images/996334386.jpg,uploads/1/2/2/8/122804110/background-images/996334386.jpg,,existing-relative-path
publications.html,uploads/1/2/2/8/122804110/published/ange70631-gra-0001-m.jpg?1766811415,repaired,uploads/1/2/2/8/122804110/ange70631-gra-0001-m.jpg,uploads/1/2/2/8/122804110/ange70631-gra-0001-m.jpg,,unique-basename
publications.html,uploads/1/2/2/8/122804110/editor/2025-09-30-114930.png?1759204648,repaired,uploads/1/2/2/8/122804110/2025-09-30-114930_orig.png,uploads/1/2/2/8/122804110/2025-09-30-114930_orig.png,,unique-normalized-name
publications.html,uploads/1/2/2/8/122804110/published/jccs70069-toc-0001-m.jpg?1756279503,repaired,uploads/1/2/2/8/122804110/jccs70069-toc-0001-m_orig.jpg,uploads/1/2/2/8/122804110/jccs70069-toc-0001-m_orig.jpg,,unique-normalized-name
publications.html,uploads/1/2/2/8/122804110/published/images-large-ic5c02560-0011.jpeg?1754034897,repaired,uploads/1/2/2/8/122804110/images-large-ic5c02560-0011_orig.jpeg,uploads/1/2/2/8/122804110/images-large-ic5c02560-0011_orig.jpeg,,unique-normalized-name
publications.html,uploads/1/2/2/8/122804110/published/pastedimage_1.png?1754034924,repaired,uploads/1/2/2/8/122804110/pastedimage_1.png,uploads/1/2/2/8/122804110/pastedimage_1.png,,unique-basename
publications.html,uploads/1/2/2/8/122804110/editor/cptc202400400-toc-0001-m.jpg?1741079326,repaired,uploads/1/2/2/8/122804110/cptc202400400-toc-0001-m_orig.jpg,uploads/1/2/2/8/122804110/cptc202400400-toc-0001-m_orig.jpg,,unique-normalized-name
research.html,/uploads/1/2/2/8/122804110/background-images/996334386.jpg,repaired,uploads/1/2/2/8/122804110/background-images/996334386.jpg,uploads/1/2/2/8/122804110/background-images/996334386.jpg,,existing-relative-path
research.html,uploads/1/2/2/8/122804110/gfp-3-orig_orig.png,already-valid,uploads/1/2/2/8/122804110/gfp-3-orig_orig.png,uploads/1/2/2/8/122804110/gfp-3-orig_orig.png,,existing-relative-path
research.html,uploads/1/2/2/8/122804110/mechano-3-orig_orig.png,already-valid,uploads/1/2/2/8/122804110/mechano-3-orig_orig.png,uploads/1/2/2/8/122804110/mechano-3-orig_orig.png,,existing-relative-path
research.html,uploads/1/2/2/8/122804110/indanone-system-3-2-orig_orig.gif,already-valid,uploads/1/2/2/8/122804110/indanone-system-3-2-orig_orig.gif,uploads/1/2/2/8/122804110/indanone-system-3-2-orig_orig.gif,,existing-relative-path
research.html,uploads/1/2/2/8/122804110/2-16_orig.png,already-valid,uploads/1/2/2/8/122804110/2-16_orig.png,uploads/1/2/2/8/122804110/2-16_orig.png,,existing-relative-path
research.html,uploads/1/2/2/8/122804110/published/1-2.png?1722571725,repaired,uploads/1/2/2/8/122804110/published/12.png,uploads/1/2/2/8/122804110/published/12.png,,ranked-normalized-name
research.html,uploads/1/2/2/8/122804110/2-14-orig_orig.png,already-valid,uploads/1/2/2/8/122804110/2-14-orig_orig.png,uploads/1/2/2/8/122804110/2-14-orig_orig.png,,existing-relative-path
supercapacitor.html,uploads/1/2/2/8/122804110/published/1-2_1.png?1722571749,repaired,uploads/1/2/2/8/122804110/1-2_1.png,uploads/1/2/2/8/122804110/1-2_1.png,,unique-basename
supercapacitor.html,uploads/1/2/2/8/122804110/editor/2-14-orig.png?1722571614,repaired,uploads/1/2/2/8/122804110/2-14-orig_orig.png,uploads/1/2/2/8/122804110/2-14-orig_orig.png,,unique-normalized-name
